Unnamed: 0,Ship-To Party3,Goods Issue Date,Material,Shipping Point/Receiving Pt,Destination,Delivery Date,Number of packages
,,2012-11-27,A001,81,R,2012-11-28,0
,,2012-11-27,A002,81,R,2012-11-28,0
,,2012-11-27,A003,81,R,2012-11-28,0
,,2013-02-06,A001,81,R,2013-02-07,0
,,2013-02-06,A002,81,R,2013-02-07,0
,,2013-02-06,A003,81,R,2013-02-07,0
,,2013-02-26,A001,81,R,2013-02-27,0
,,2013-02-26,A002,81,R,2013-02-27,0
,,2013-02-26,A003,81,R,2013-02-27,0
,,2013-06-03,A005,81,R,2013-06-04,0
,,2013-06-03,A005,81,R,2013-06-04,0
,,2014-06-30,A005,81,R,2014-07-01,0
,,2014-06-30,A005,81,R,2014-07-01,0
,,2014-08-29,A005,81,R,2014-09-01,0
,,2014-08-29,A005,81,R,2014-09-01,0
,,2014-08-29,A005,81,R,2014-09-01,0
,,2014-08-29,A005,81,R,2014-09-01,0
,,2014-10-20,A003,81,R,2014-10-21,0
,,2014-10-20,A002,81,R,2014-10-21,0
,,2014-10-20,A006,81,R,2014-10-21,0
,,2014-10-20,A001,81,R,2014-10-21,0
,,2014-10-20,A007,81,R,2014-10-21,0
,,2014-10-27,A003,81,R,2014-10-28,0
,,2014-10-27,A002,81,R,2014-10-28,0
,,2014-10-27,A001,81,R,2014-10-28,0
,,2014-10-27,A006,81,R,2014-10-28,0
,,2014-10-27,A003,81,R,2014-10-28,0
,,2014-10-27,A002,81,R,2014-10-28,0
,,2014-10-27,A008,81,R,2014-10-28,0
,,2014-10-27,A007,81,R,2014-10-28,0
,,2014-10-27,A006,81,R,2014-10-28,0
,,2014-10-27,A003,81,R,2014-10-28,0
,,2014-10-27,A002,81,R,2014-10-28,0
,,2014-10-27,A006,81,R,2014-10-28,0
,,2014-10-27,A007,81,R,2014-10-28,0
,,2014-10-27,A003,81,R,2014-10-28,0
,,2014-10-27,A002,81,R,2014-10-28,0
,,2014-10-27,A006,81,R,2014-10-28,0
,,2014-10-27,A008,81,R,2014-10-28,0
,,2014-10-27,A007,81,R,2014-10-28,0
,,2014-10-27,A001,81,R,2014-10-28,0
,,2015-03-04,A003,81,R,2015-03-05,0
,,2015-03-04,A002,81,R,2015-03-05,0
,,2015-04-08,A005,81,r,2015-04-09,0
,,2015-04-13,A005,81,R,2015-04-14,0
,,2015-04-13,A005,81,R,2015-04-14,0
,,2015-04-13,A005,81,R,2015-04-14,0
,,2015-04-13,A005,81,R,2015-04-14,0
,,2015-04-13,A005,81,R,2015-04-14,0
,,2015-04-13,A005,81,R,2015-04-14,0
,,2015-04-13,A005,81,R,2015-04-14,0
,,2015-04-13,A005,81,R,2015-04-14,0
,,2015-04-13,A005,81,R,2015-04-14,0
,,2015-04-13,A005,81,R,2015-04-14,0
,,2015-04-13,A005,81,R,2015-04-14,0
,,2015-04-13,A005,81,R,2015-04-14,0
,,2016-11-08,A005,81,R,2016-11-15,0
,,2017-04-13,A005,81,R,2017-04-20,0
,,2017-06-05,A005,81,R,2017-06-12,0
,,2017-06-05,A005,81,R,2017-06-12,0
,,2017-08-28,A005,81,R,2017-09-05,0
,,2017-08-28,A005,81,R,2017-09-05,0
,,2017-08-28,A005,81,R,2017-09-05,0
,,2017-08-28,A005,81,R,2017-09-05,0
,,2017-08-28,A005,81,R,2017-09-05,0
,,2017-08-28,A005,81,R,2017-09-05,0
,,2017-08-28,A005,81,R,2017-09-05,0
,,2017-08-28,A005,81,R,2017-09-05,0
,,2017-12-25,A005,81,R,2018-01-02,0
,,2017-12-25,A005,81,R,2018-01-02,0
,,2017-12-25,A005,81,R,2018-01-02,0
,,2017-12-25,A005,81,R,2018-01-02,0
,,2017-12-25,A005,81,R,2018-01-02,0
,,2017-12-25,A005,81,R,2018-01-02,0
,,2017-12-25,A005,81,R,2018-01-02,0
,,2017-12-25,A005,81,R,2018-01-02,0
,,2017-12-25,A005,81,R,2018-01-02,0
,,2017-12-25,A005,81,R,2018-01-02,0
,,2017-12-25,A005,81,R,2018-01-02,0
,,2017-12-25,A005,81,R,2018-01-02,0
,,2017-12-25,A005,81,R,2018-01-02,0
,,2017-12-25,A005,81,R,2018-01-02,0
,,2017-12-25,A005,81,R,2018-01-02,0
,,2017-12-25,A005,81,R,2018-01-02,0
,,2017-12-25,A005,81,R,2018-01-02,0
,,2017-12-25,A005,81,R,2018-01-02,0
,,2017-12-25,A005,81,R,2018-01-02,0
,,2018-05-07,A005,81,R,2018-05-14,0
,,2018-09-18,A001,81,R,2018-09-25,0
,,2018-12-11,A005,81,R,2018-12-13,0
,,2018-12-11,A005,81,R,2018-12-13,0
,,2018-12-11,A005,81,R,2018-12-13,0
,,2018-12-11,A005,81,R,2018-12-13,0
,,2018-12-11,A005,81,R,2018-12-13,0
,,2018-12-11,A005,81,R,2018-12-13,0
,,2018-12-11,A005,81,R,2018-12-13,0
,,2018-12-11,A005,81,R,2018-12-13,0
,,2018-12-11,A005,81,R,2018-12-13,0
,,2018-12-11,A005,81,R,2018-12-13,0
,,2018-12-11,A005,81,R,2018-12-13,0
,,2018-12-11,A005,81,R,2018-12-13,0
,,2018-12-28,A005,81,R,2019-01-03,0
,,2018-12-28,A005,81,R,2019-01-03,0
,,2019-02-18,A005,81,k,2019-02-21,0
,,2019-02-18,A005,81,k,2019-02-21,0
,,2019-02-18,A005,81,k,2019-02-21,0
,,2019-02-18,A005,81,k,2019-02-21,0
,,2019-02-18,A005,81,k,2019-02-21,0
,,2019-02-18,A005,81,k,2019-02-21,0
,,2019-02-18,A005,81,k,2019-02-21,0
,,2019-02-18,A005,81,k,2019-02-21,0
,,2019-02-18,A005,81,k,2019-02-21,0
,,2019-02-18,A005,81,k,2019-02-21,0
,,2019-02-18,A005,81,k,2019-02-21,0
,,2019-02-18,A005,81,k,2019-02-21,0
,,2019-02-18,A005,81,k,2019-02-21,0
,,2019-02-18,A005,81,k,2019-02-21,0
,,2019-02-18,A005,81,k,2019-02-21,0
,,2019-02-18,A005,81,k,2019-02-21,0
,,2019-02-18,A005,81,k,2019-02-21,0
,,2019-02-18,A005,81,k,2019-02-21,0
,,2019-02-18,A005,81,k,2019-02-21,0
,,2019-02-18,A005,81,k,2019-02-21,0
,,2019-02-18,A005,81,k,2019-02-21,0
,,2019-02-18,A005,81,k,2019-02-21,0
,,2019-09-10,A005,81,K,2019-09-13,0
,,2019-09-10,A005,81,K,2019-09-13,0
,,2020-02-13,A005,81,K,2020-02-20,0
,,2020-04-22,A005,81,K,2020-04-29,0
,,2020-04-22,A005,81,K,2020-04-29,0
,,2020-04-22,A005,81,K,2020-04-29,0
,,2020-04-22,A005,81,K,2020-04-29,0
,,2020-04-22,A005,81,K,2020-04-29,0
,,2020-04-22,A005,81,K,2020-04-29,0
,,2020-04-22,A005,81,K,2020-04-29,0
,,2020-04-22,A005,81,K,2020-04-29,0
,,2020-04-22,A005,81,K,2020-04-29,0
,,2020-04-22,A005,81,K,2020-04-29,0
,,2020-04-22,A005,81,K,2020-04-29,0
,,2020-04-22,A005,81,K,2020-04-29,0
,,2020-04-22,A005,81,K,2020-04-29,0
,,2020-04-22,A005,81,K,2020-04-29,0
,,2020-04-22,A005,81,K,2020-04-29,0
,,2020-09-14,A005,81,K,2020-09-21,0
,,2020-09-14,A005,81,K,2020-09-21,0
,,2020-10-01,A005,81,K,2020-10-08,0
,,2020-10-01,A005,81,K,2020-10-08,0
,,2020-11-12,A005,81,K,2020-11-20,0
,,2020-11-12,A005,81,K,2020-11-20,0
,,2021-03-05,A005,81,K,2021-03-12,0
,,2021-03-08,A005,81,K,2021-03-15,0
,,2021-03-08,A005,81,K,2021-03-15,0
,,2021-04-22,A005,81,K,2021-04-29,0
,,2021-05-10,A005,81,K,2021-05-17,0
,,2021-05-10,A005,81,K,2021-05-17,0
,,2021-05-14,A005,81,K,2021-05-21,0
,,2021-05-14,A005,81,K,2021-05-21,0
,108.0,2021-10-22,A009,8010,A,2021-10-22,1
,108.0,2021-10-22,A010,8010,A,2021-10-22,3
,100.0,2021-12-07,A005,81,K,2021-12-13,0
,147.0,2022-01-12,A005,81,k,2022-01-18,0
,142.0,2022-01-12,A005,81,k,2022-01-18,0
,179.0,2022-02-17,A011,80,P,2022-03-03,5
,174.0,2022-02-22,A005,81,k,2022-02-22,0
,179.0,2022-02-22,A005,81,k,2022-02-22,0
,146.0,2022-02-22,A005,81,k,2022-02-22,0
,146.0,2022-02-22,A005,81,k,2022-02-22,0
,179.0,2022-02-22,A005,81,k,2022-02-22,0
,146.0,2022-02-22,A005,81,k,2022-02-22,0
,190.0,2022-02-22,A005,81,k,2022-02-22,0
,146.0,2022-02-22,A005,81,k,2022-02-22,0
,118.0,2022-02-22,A005,81,k,2022-02-22,0
,100.0,2022-02-22,A005,81,k,2022-02-22,0
,100.0,2022-02-22,A005,81,k,2022-02-22,0
,174.0,2022-02-22,A005,81,k,2022-02-22,0
,146.0,2022-02-22,A005,81,k,2022-02-22,0
,190.0,2022-02-22,A005,81,k,2022-02-22,0
,174.0,2022-02-22,A005,81,k,2022-02-22,0
,190.0,2022-02-22,A005,81,k,2022-02-22,0
,146.0,2022-02-22,A005,81,k,2022-02-22,0
,177.0,2022-02-25,A012,80,K,2022-03-02,6
,104.0,2022-02-28,A013,80,K,2022-03-04,10
,114.0,2022-02-28,A014,80,K,2022-03-04,5
,104.0,2022-02-28,A015,80,B,2022-03-10,2
,142.0,2022-03-01,A014,80,K,2022-03-04,24
,116.0,2022-03-01,A016,80,K,2022-03-01,2
,113.0,2022-03-01,A016,80,K,2022-03-01,1
,142.0,2022-03-01,A014,80,K,2022-03-04,4
,116.0,2022-03-01,A016,80,K,2022-03-01,1
,177.0,2022-03-02,A017,80,K,2022-03-02,1
,142.0,2022-03-03,A018,80,L,2022-03-16,16
,113.0,2022-03-03,A019,80,k,2022-03-10,2
,149.0,2022-03-03,A020,80,P,2022-03-17,8
,179.0,2022-03-03,A011,80,P,2022-03-17,4
,134.0,2022-03-04,A021,80,B,2022-03-15,8
,116.0,2022-03-04,A022,80,K,2022-03-09,6
,116.0,2022-03-04,A017,80,K,2022-03-05,50
,100.0,2022-03-04,A021,80,B,2022-03-15,6
,146.0,2022-03-04,A017,80,K,2022-03-04,49
,113.0,2022-03-04,A023,80,K,2022-03-09,10
,116.0,2022-03-07,A024,80,K,2022-03-07,80
,112.0,2022-03-07,A025,80,R,2022-03-14,1
,112.0,2022-03-07,A026,80,K,2022-03-07,18
,112.0,2022-03-07,A027,80,R,2022-03-14,2
,134.0,2022-03-07,A028,80,K,2022-03-10,5
,167.0,2022-03-07,A029,80,K,2022-03-10,14
,167.0,2022-03-07,A030,80,T,2022-03-07,4
,116.0,2022-03-07,A013,80,K,2022-03-11,24
,100.0,2022-03-07,A031,80,K,2022-03-10,16
,134.0,2022-03-08,A024,80,K,2022-03-13,10
,100.0,2022-03-08,A028,80,K,2022-03-09,2
,134.0,2022-03-08,A032,80,T,2022-03-21,20
,134.0,2022-03-08,A033,80,K,2022-03-11,10
,112.0,2022-03-09,A014,80,K,2022-03-16,6
,112.0,2022-03-09,A034,80,K,2022-03-11,12
,112.0,2022-03-09,A035,80,K,2022-03-14,6
,112.0,2022-03-09,A036,82,K,2022-03-14,3
,112.0,2022-03-09,A020,80,P,2022-03-23,17
,116.0,2022-03-09,A037,80,K,2022-03-14,40
,166.0,2022-03-09,A038,82,T,2022-03-14,3
,103.0,2022-03-09,A035,80,K,2022-03-14,2
,110.0,2022-03-09,A039,80,V,2022-03-22,4
,146.0,2022-03-09,A040,80,V,2022-03-22,20
,146.0,2022-03-09,A041,80,V,2022-03-22,8
,146.0,2022-03-09,A042,80,K,2022-03-11,1
,146.0,2022-03-09,A043,80,S,2022-03-22,2
,174.0,2022-03-09,A044,80,S,2022-03-22,10
,113.0,2022-03-10,A026,80,C,2022-03-21,20
,114.0,2022-03-10,A045,80,P,2022-03-17,9
,113.0,2022-03-10,A046,80,K,2022-03-11,3
,104.0,2022-03-10,A047,80,P,2022-03-24,40
,171.0,2022-03-10,A048,80,K,2022-03-11,1
,146.0,2022-03-10,A049,80,K,2022-03-11,12
,177.0,2022-03-10,A050,80,B,2022-03-21,54
,149.0,2022-03-10,A051,80,B,2022-03-21,9
,113.0,2022-03-10,A052,80,B,2022-03-21,10
,112.0,2022-03-10,A053,80,B,2022-03-21,4
,112.0,2022-03-10,A054,80,B,2022-03-21,3
,113.0,2022-03-10,A055,80,C,2022-03-21,10
,116.0,2022-03-10,A056,80,K,2022-05-06,4
,112.0,2022-03-10,A057,80,K,2022-03-17,30
,167.0,2022-03-10,A058,80,N,2022-03-21,25
,112.0,2022-03-10,A016,80,K,2022-03-10,2
,167.0,2022-03-10,A016,80,K,2022-03-10,2
,166.0,2022-03-11,A023,80,K,2022-03-16,12
,116.0,2022-03-11,A022,80,K,2022-03-16,4
,116.0,2022-03-11,A021,80,B,2022-03-22,9
,100.0,2022-03-14,A030,80,T,2022-03-14,4
,134.0,2022-03-14,A055,80,K,2022-03-17,40
,100.0,2022-03-14,A059,80,T,2022-03-21,1
,134.0,2022-03-15,A060,80,R,2022-03-22,1
,100.0,2022-03-15,A061,80,K,2022-03-18,16
,134.0,2022-03-15,A016,80,K,2022-03-15,3
,134.0,2022-03-15,A024,80,K,2022-03-20,40
,134.0,2022-03-15,A033,80,K,2022-03-18,10
,134.0,2022-03-15,A062,80,T,2022-03-21,2
,112.0,2022-03-16,A041,80,V,2022-03-29,8
,112.0,2022-03-16,A063,80,K,2022-03-18,9
,112.0,2022-03-16,A038,82,T,2022-03-21,6
,112.0,2022-03-16,A035,80,K,2022-03-21,8
,134.0,2022-03-16,A039,80,V,2022-03-29,5
,112.0,2022-03-16,A044,80,S,2022-03-29,10
,166.0,2022-03-16,A040,80,V,2022-03-29,18
,116.0,2022-03-16,A043,80,S,2022-03-29,2
,166.0,2022-03-16,A064,80,K,2022-05-12,5
,112.0,2022-03-16,A029,80,K,2022-03-21,7
,116.0,2022-03-16,A036,82,K,2022-03-21,3
,110.0,2022-03-16,A020,80,P,2022-03-30,3
,113.0,2022-03-16,A034,80,K,2022-03-18,6
,115.0,2022-03-16,A065,80,P,2022-03-30,16
,147.0,2022-03-16,A042,80,K,2022-03-18,3
,113.0,2022-03-16,A066,80,P,2022-03-23,9
,113.0,2022-03-17,A048,80,K,2022-03-18,1
,174.0,2022-03-17,A046,80,K,2022-03-18,2
,174.0,2022-03-17,A067,80,K,2022-03-18,1
,113.0,2022-03-17,A068,80,K,2022-03-18,1
,146.0,2022-03-17,A054,80,B,2022-03-28,2
,111.0,2022-03-17,A053,80,B,2022-03-28,3
,114.0,2022-03-17,A052,80,B,2022-03-28,9
,113.0,2022-03-17,A051,80,B,2022-03-28,9
,177.0,2022-03-17,A049,80,K,2022-03-18,8
,113.0,2022-03-17,A069,80,B,2022-03-28,7
,156.0,2022-03-17,A056,80,K,2022-05-13,4
,149.0,2022-03-17,A026,80,C,2022-03-28,20
,111.0,2022-03-17,A056,80,K,2022-05-13,5
,111.0,2022-03-17,A050,80,B,2022-03-28,50
,112.0,2022-03-17,A055,80,C,2022-03-28,10
,134.0,2022-03-17,A058,80,N,2022-03-28,25
,100.0,2022-03-18,A070,80,T,2022-03-25,50
,100.0,2022-03-18,A071,80,B,2022-04-04,1
,100.0,2022-03-18,A012,80,K,2022-03-23,6
,134.0,2022-03-18,A072,80,K,2022-03-25,5
,167.0,2022-03-18,A032,80,T,2022-03-31,20
,167.0,2022-03-18,A073,80,B,2022-03-29,3
,112.0,2022-03-18,A021,80,B,2022-03-29,2
,112.0,2022-03-21,A059,80,T,2022-03-28,1
,112.0,2022-03-21,A016,80,K,2022-03-21,2
,112.0,2022-03-21,A074,80,K,2022-03-28,18
,104.0,2022-03-21,A026,80,K,2022-03-21,26
,151.0,2022-03-21,A030,80,T,2022-03-21,3
,116.0,2022-03-21,A024,80,K,2022-03-28,60
,142.0,2022-03-22,A062,80,T,2022-03-28,1
,116.0,2022-03-22,A075,80,K,2022-03-28,4
,116.0,2022-03-22,A033,80,K,2022-03-25,10
,112.0,2022-03-22,A076,80,K,2022-04-04,16
,110.0,2022-03-22,A077,80,K,2022-03-28,9
,142.0,2022-03-23,A078,80,B,2022-04-04,1
,166.0,2022-03-23,A042,80,K,2022-03-25,3
,112.0,2022-03-23,A011,80,P,2022-04-06,6
,112.0,2022-03-23,A047,80,P,2022-04-06,16
,112.0,2022-03-23,A045,80,P,2022-03-30,9
,112.0,2022-03-23,A034,80,K,2022-03-25,6
,112.0,2022-03-23,A043,80,S,2022-04-05,2
,112.0,2022-03-23,A044,80,S,2022-04-05,12
,134.0,2022-03-23,A079,80,V,2022-04-05,1
,134.0,2022-03-23,A039,80,V,2022-04-05,4
,134.0,2022-03-23,A040,80,V,2022-04-05,24
,116.0,2022-03-23,A041,80,V,2022-04-05,4
,116.0,2022-03-23,A080,80,R,2022-03-31,4
,113.0,2022-03-23,A081,80,k,2022-03-28,1
,115.0,2022-03-23,A036,82,K,2022-03-28,3
,147.0,2022-03-23,A013,80,K,2022-03-25,17
,174.0,2022-03-23,A029,80,K,2022-03-28,7
,119.0,2022-03-23,A035,80,K,2022-03-28,8
,146.0,2022-03-23,A063,80,K,2022-03-25,9
,190.0,2022-03-24,A058,80,N,2022-04-04,25
,174.0,2022-03-24,A013,80,K,2022-03-31,16
,112.0,2022-03-24,A056,80,K,2022-05-20,5
,112.0,2022-03-24,A054,80,B,2022-04-04,4
,112.0,2022-03-24,A069,80,B,2022-04-04,9
,112.0,2022-03-24,A053,80,B,2022-04-04,3
,112.0,2022-03-24,A052,80,B,2022-04-04,10
,112.0,2022-03-24,A051,80,B,2022-04-04,10
,110.0,2022-03-24,A050,80,B,2022-04-04,50
,110.0,2022-03-24,A049,80,K,2022-03-25,8
,110.0,2022-03-24,A048,80,K,2022-03-25,3
,110.0,2022-03-24,A046,80,K,2022-03-25,2
,110.0,2022-03-24,A026,80,C,2022-04-04,20
,110.0,2022-03-24,A055,80,C,2022-04-04,10
,110.0,2022-03-25,A070,80,T,2022-04-01,50
,110.0,2022-03-25,A082,80,B,2022-04-11,1
,110.0,2022-03-25,A012,80,K,2022-03-30,6
,110.0,2022-03-25,A021,80,B,2022-04-05,5
,110.0,2022-03-25,A083,80,K,2022-04-01,8
,110.0,2022-03-25,A023,80,K,2022-03-30,16
,110.0,2022-03-25,A017,80,K,2022-03-25,17
,110.0,2022-03-25,A073,80,B,2022-04-05,1
,110.0,2022-03-08,A084,80,F,2022-03-14,4
,110.0,2022-03-08,A085,80,F,2022-03-14,1
,110.0,2022-03-08,A086,80,F,2022-03-14,1
,110.0,2022-03-08,A087,80,F,2022-03-14,1
,110.0,2022-03-08,A088,80,F,2022-03-14,7
,110.0,2022-03-08,A089,80,F,2022-03-14,1
,110.0,2022-03-09,A090,80,B,2022-03-16,1
,110.0,2022-03-09,A091,80,B,2022-03-16,48
,110.0,2022-03-09,A092,80,B,2022-03-16,1
,110.0,2022-03-09,A093,80,B,2022-03-16,1
,110.0,2022-03-09,A094,80,B,2022-03-16,32
,110.0,2022-03-09,A095,80,B,2022-03-16,13
,110.0,2022-03-09,A096,82,B,2022-03-16,2
,110.0,2022-03-09,A097,80,B,2022-03-16,24
,110.0,2022-03-09,A098,80,B,2022-03-16,1
,110.0,2022-03-09,A099,80,B,2022-03-16,5
,110.0,2022-03-09,A100,80,B,2022-03-16,1
,110.0,2022-03-09,A101,80,B,2022-03-16,2
,110.0,2022-03-09,A102,80,B,2022-03-16,6
,110.0,2022-03-09,A103,80,B,2022-03-16,32
,110.0,2022-03-09,A104,80,B,2022-03-16,8
,110.0,2022-03-09,A105,80,B,2022-03-16,6
,110.0,2022-03-09,A106,80,B,2022-03-16,12
,110.0,2022-03-09,A107,80,B,2022-03-16,3
,110.0,2022-03-09,A108,80,B,2022-03-16,8
,110.0,2022-03-09,A109,80,B,2022-03-16,1
,110.0,2022-03-09,A110,80,B,2022-03-16,1
,112.0,2022-03-09,A111,80,B,2022-03-16,1
,112.0,2022-03-09,A112,80,B,2022-03-16,1
,112.0,2022-03-09,A113,80,B,2022-03-16,1
,112.0,2022-03-09,A114,80,B,2022-03-16,1
,112.0,2022-03-09,A115,80,B,2022-03-16,1
,112.0,2022-03-09,A116,80,B,2022-03-16,3
,112.0,2022-03-09,A117,80,B,2022-03-16,3
,112.0,2022-03-09,A118,80,B,2022-03-16,8
,112.0,2022-03-09,A119,80,B,2022-03-16,8
,112.0,2022-03-09,A120,80,B,2022-03-16,13
,112.0,2022-03-09,A121,80,B,2022-03-16,20
,112.0,2022-03-09,A122,80,B,2022-03-16,7
,110.0,2022-03-09,A123,80,B,2022-03-16,12
,110.0,2022-03-09,A124,80,B,2022-03-16,4
,110.0,2022-03-09,A125,80,B,2022-03-16,3
,110.0,2022-03-09,A126,80,B,2022-03-16,4
,110.0,2022-03-09,A127,80,B,2022-03-16,2
,110.0,2022-03-09,A128,80,B,2022-03-16,1
,110.0,2022-03-09,A129,80,B,2022-03-16,1
,110.0,2022-03-09,A130,80,B,2022-03-16,20
,110.0,2022-03-09,A131,80,F,2022-03-14,1
,110.0,2022-03-10,A132,80,F,2022-03-16,1
,110.0,2022-03-10,A132,80,F,2022-03-16,1
,110.0,2022-03-14,A133,80,F,2022-03-18,1
,110.0,2022-03-15,A089,80,F,2022-03-21,6
,110.0,2022-03-15,A134,80,F,2022-03-21,4
,110.0,2022-03-15,A085,80,F,2022-03-21,3
,110.0,2022-03-15,A088,80,F,2022-03-21,7
,110.0,2022-03-15,A086,80,F,2022-03-21,1
,110.0,2022-03-15,A084,80,F,2022-03-21,6
,110.0,2022-03-15,A135,80,F,2022-03-21,1
,110.0,2022-03-16,A131,80,F,2022-03-21,3
,110.0,2022-03-16,A107,80,B,2022-03-23,5
,110.0,2022-03-16,A106,80,B,2022-03-23,12
,110.0,2022-03-16,A130,80,B,2022-03-23,20
,110.0,2022-03-16,A129,80,B,2022-03-23,1
,110.0,2022-03-16,A125,80,B,2022-03-23,1
,110.0,2022-03-16,A124,80,B,2022-03-23,5
,110.0,2022-03-16,A123,80,B,2022-03-23,6
,110.0,2022-03-16,A122,80,B,2022-03-23,3
,110.0,2022-03-16,A136,80,B,2022-03-23,1
,110.0,2022-03-16,A137,80,b,2022-03-23,2
,112.0,2022-03-16,A092,80,B,2022-03-23,1
,112.0,2022-03-16,A138,80,B,2022-03-23,4
,112.0,2022-03-16,A103,80,B,2022-03-23,32
,112.0,2022-03-16,A101,80,B,2022-03-23,1
,112.0,2022-03-16,A099,80,B,2022-03-23,3
,112.0,2022-03-16,A100,80,B,2022-03-23,5
,112.0,2022-03-16,A096,82,B,2022-03-23,1
,112.0,2022-03-16,A097,80,B,2022-03-23,24
,112.0,2022-03-16,A091,80,B,2022-03-23,32
,112.0,2022-03-16,A094,80,B,2022-03-23,32
,110.0,2022-03-16,A095,80,B,2022-03-23,10
,110.0,2022-03-16,A121,80,B,2022-03-23,20
,110.0,2022-03-16,A126,80,B,2022-03-23,8
,110.0,2022-03-16,A120,80,B,2022-03-23,4
,112.0,2022-03-16,A118,80,B,2022-03-23,16
,110.0,2022-03-16,A116,80,B,2022-03-23,2
,110.0,2022-03-16,A113,80,B,2022-03-23,1
,110.0,2022-03-16,A139,80,B,2022-03-23,12
,110.0,2022-03-16,A140,80,B,2022-03-23,12
,110.0,2022-03-16,A108,80,B,2022-03-23,8
,110.0,2022-03-18,A133,80,F,2022-03-24,3
,110.0,2022-03-22,A141,80,F,2022-03-28,1
,110.0,2022-03-22,A142,80,F,2022-03-28,10
,110.0,2022-03-22,A085,80,F,2022-03-28,2
,110.0,2022-03-22,A135,80,F,2022-03-28,1
,110.0,2022-03-22,A134,80,F,2022-03-28,3
,110.0,2022-03-22,A089,80,F,2022-03-28,9
,110.0,2022-03-22,A088,80,F,2022-03-28,2
,110.0,2022-03-22,A086,80,F,2022-03-28,2
,110.0,2022-03-22,A084,80,F,2022-03-28,1
,110.0,2022-03-23,A138,80,B,2022-03-30,8
,110.0,2022-03-23,A101,80,B,2022-03-30,1
,110.0,2022-03-23,A099,80,B,2022-03-30,2
,110.0,2022-03-23,A103,80,B,2022-03-30,16
,110.0,2022-03-23,A131,80,F,2022-03-28,12
,110.0,2022-03-23,A120,80,B,2022-03-30,3
,110.0,2022-03-23,A118,80,B,2022-03-30,4
,110.0,2022-03-23,A116,80,B,2022-03-30,1
,110.0,2022-03-23,A111,80,B,2022-03-30,1
,110.0,2022-03-23,A137,80,b,2022-03-30,1
,110.0,2022-03-23,A136,80,B,2022-03-30,2
,110.0,2022-03-23,A143,80,B,2022-03-30,1
,112.0,2022-03-23,A144,80,B,2022-03-30,16
,108.0,2022-03-23,A122,80,B,2022-03-30,3
,108.0,2022-03-23,A123,80,B,2022-03-30,5
,108.0,2022-03-23,A124,80,B,2022-03-30,6
,108.0,2022-03-23,A125,80,B,2022-03-30,2
,108.0,2022-03-23,A127,80,B,2022-03-30,1
,108.0,2022-03-23,A130,80,B,2022-03-30,16
,108.0,2022-03-23,A106,80,B,2022-03-30,16
,108.0,2022-03-23,A107,80,B,2022-03-30,4
,108.0,2022-03-23,A105,80,B,2022-03-30,11
,108.0,2022-03-23,A145,80,B,2022-03-30,1
,115.0,2022-03-23,A102,80,B,2022-03-30,8
,111.0,2022-03-23,A100,80,B,2022-03-30,2
,152.0,2022-03-23,A097,80,B,2022-03-30,24
,152.0,2022-03-23,A091,80,B,2022-03-30,32
,152.0,2022-03-23,A126,80,B,2022-03-30,4
,152.0,2022-03-23,A121,80,B,2022-03-30,16
,152.0,2022-03-23,A094,80,B,2022-03-30,16
,152.0,2022-03-23,A104,80,B,2022-03-30,4
,183.0,2022-03-23,A095,80,B,2022-03-30,11
,183.0,2022-03-25,A133,80,F,2022-03-31,2
,111.0,2022-03-08,A146,80,D,2022-03-21,1
,111.0,2022-03-10,A147,80,D,2022-03-23,2
,111.0,2022-03-10,A148,80,D,2022-03-23,3
,111.0,2022-03-10,A149,80,D,2022-03-23,12
,111.0,2022-03-17,A149,80,D,2022-03-30,8
,111.0,2022-03-17,A147,80,D,2022-03-30,4
,113.0,2022-03-17,A148,80,D,2022-03-30,3
,113.0,2022-03-24,A147,80,D,2022-04-06,2
,113.0,2022-03-24,A148,80,D,2022-04-06,2
,113.0,2022-03-24,A149,80,D,2022-04-06,8
,113.0,2022-03-07,A150,80,T,2022-03-21,5
,113.0,2022-03-01,A151,80,M,2022-03-08,1
,113.0,2022-03-09,A152,80,Ú,2022-03-21,2
,113.0,2022-03-09,A153,80,Ú,2022-03-21,8
,113.0,2022-03-16,A153,80,Ú,2022-03-28,7
,113.0,2022-03-16,A154,80,Ú,2022-03-28,5
,113.0,2022-03-23,A152,80,Ú,2022-04-04,3
,113.0,2022-03-23,A153,80,Ú,2022-04-04,6
,113.0,2022-03-22,A155,80,K,2022-04-04,1
,113.0,2022-03-23,A156,80,K,2022-03-28,1
,113.0,2022-03-24,A157,80,M,2022-04-04,1
,113.0,2022-03-09,A158,80,V,2022-03-18,2
,113.0,2022-03-09,A159,80,V,2022-03-18,1
,113.0,2022-03-16,A158,80,V,2022-03-25,3
,113.0,2022-03-23,A158,80,V,2022-04-01,1
,104.0,2022-03-23,A159,80,V,2022-04-01,1
,113.0,2022-03-09,A160,82,B,2022-03-21,10
,113.0,2022-03-09,A161,82,B,2022-03-21,1
,106.0,2022-03-09,A162,82,B,2022-03-21,1
,106.0,2022-03-09,A163,82,B,2022-03-21,1
,106.0,2022-03-10,A164,82,B,2022-03-21,1
,112.0,2022-03-16,A163,82,B,2022-03-28,2
,112.0,2022-03-16,A160,82,B,2022-03-28,17
,112.0,2022-03-16,A162,82,B,2022-03-28,2
,112.0,2022-03-23,A163,82,B,2022-04-04,2
,112.0,2022-03-23,A160,82,B,2022-04-04,17
,112.0,2022-03-23,A161,82,B,2022-04-04,1
,112.0,2022-03-23,A162,82,B,2022-04-04,2
,112.0,2022-03-24,A164,82,B,2022-04-04,1
,112.0,2022-03-24,A165,82,B,2022-04-04,1
,112.0,2022-03-10,A166,82,B,2022-03-18,1
,112.0,2022-03-17,A166,82,B,2022-03-25,1
,112.0,2022-03-21,A167,82,B,2022-03-25,1
,112.0,2022-03-24,A161,82,B,2022-04-01,1
,112.0,2022-03-24,A166,82,B,2022-04-01,1
,112.0,2022-03-16,A168,80,B,2022-03-25,6
,112.0,2022-03-10,A169,80,M,2022-03-21,7
,112.0,2022-03-17,A169,80,M,2022-03-28,1
,112.0,2022-03-16,A170,80,Z,2022-03-30,5
,112.0,2022-03-23,A171,80,Z,2022-04-06,1
,112.0,2022-03-23,A170,80,Z,2022-04-06,4
,112.0,2022-03-08,A172,80,F,2022-03-14,1
,112.0,2022-03-08,A173,80,F,2022-03-14,16
,112.0,2022-03-08,A174,80,F,2022-03-14,3
,112.0,2022-03-08,A175,80,F,2022-03-14,36
,112.0,2022-03-08,A176,80,F,2022-03-14,24
,112.0,2022-03-08,A177,80,F,2022-03-14,1
,112.0,2022-03-08,A178,80,F,2022-03-14,9
,112.0,2022-03-08,A179,80,F,2022-03-14,15
,112.0,2022-03-08,A180,80,F,2022-03-14,8
,112.0,2022-03-08,A181,80,F,2022-03-14,1
,112.0,2022-03-08,A182,80,F,2022-03-14,3
,112.0,2022-03-08,A183,80,F,2022-03-14,37
,112.0,2022-03-08,A184,80,F,2022-03-14,2
,112.0,2022-03-08,A185,80,F,2022-03-14,16
,112.0,2022-03-09,A186,80,F,2022-03-15,3
,112.0,2022-03-15,A187,80,F,2022-03-21,1
,112.0,2022-03-15,A172,80,F,2022-03-21,1
,112.0,2022-03-15,A176,80,F,2022-03-21,16
,112.0,2022-03-15,A185,80,F,2022-03-21,12
,112.0,2022-03-15,A184,80,F,2022-03-21,9
,112.0,2022-03-15,A183,80,F,2022-03-21,10
,112.0,2022-03-15,A188,80,F,2022-03-21,2
,112.0,2022-03-15,A182,80,F,2022-03-21,3
,112.0,2022-03-15,A175,80,F,2022-03-21,24
,112.0,2022-03-15,A174,80,F,2022-03-21,3
,112.0,2022-03-15,A144,80,F,2022-03-21,16
,112.0,2022-03-15,A173,80,F,2022-03-21,16
,112.0,2022-03-15,A180,80,F,2022-03-21,6
,112.0,2022-03-15,A179,80,F,2022-03-21,8
,113.0,2022-03-15,A189,80,F,2022-03-21,1
,113.0,2022-03-15,A178,80,F,2022-03-21,10
,113.0,2022-03-15,A190,80,F,2022-03-21,8
,113.0,2022-03-15,A181,80,F,2022-03-21,1
,113.0,2022-03-22,A191,80,F,2022-03-28,19
,113.0,2022-03-22,A178,80,F,2022-03-28,6
,113.0,2022-03-22,A189,80,F,2022-03-28,1
,113.0,2022-03-22,A180,80,F,2022-03-28,16
,113.0,2022-03-22,A181,80,F,2022-03-28,2
,113.0,2022-03-22,A182,80,F,2022-03-28,3
,113.0,2022-03-22,A183,80,F,2022-03-28,111
,113.0,2022-03-22,A184,80,F,2022-03-28,4
,113.0,2022-03-22,A185,80,F,2022-03-28,16
,113.0,2022-03-22,A176,80,F,2022-03-28,16
,113.0,2022-03-22,A192,80,F,2022-03-28,1
,113.0,2022-03-22,A175,80,F,2022-03-28,24
,113.0,2022-03-22,A174,80,F,2022-03-28,2
,113.0,2022-03-22,A193,80,F,2022-03-28,2
,113.0,2022-03-22,A194,80,F,2022-03-28,1
,113.0,2022-03-22,A173,80,F,2022-03-28,16
,113.0,2022-03-17,A195,80,B,2022-03-28,2
,113.0,2022-03-17,A196,80,B,2022-03-28,3
,113.0,2022-03-17,A197,80,B,2022-03-28,1
,113.0,2022-03-17,A163,82,B,2022-03-28,1
,113.0,2022-03-21,A198,80,B,2022-03-28,1
,113.0,2022-03-22,A199,80,B,2022-03-28,1
,113.0,2022-03-09,A200,82,V,2022-03-21,2
,113.0,2022-03-09,A201,80,V,2022-03-14,1
,124.0,2022-03-09,A202,82,V,2022-03-21,1
,124.0,2022-03-09,A203,82,V,2022-03-21,1
,124.0,2022-03-09,A204,82,V,2022-03-21,2
,113.0,2022-03-10,A205,80,V,2022-03-21,70
,113.0,2022-03-16,A201,80,V,2022-03-21,1
,113.0,2022-03-16,A200,82,V,2022-03-28,2
,113.0,2022-03-16,A203,82,V,2022-03-28,1
,113.0,2022-03-16,A204,82,V,2022-03-28,3
,113.0,2022-03-16,A206,82,V,2022-03-28,1
,120.0,2022-03-21,A207,82,V,2022-03-28,1
,120.0,2022-03-23,A200,82,V,2022-04-04,2
,120.0,2022-03-23,A203,82,V,2022-04-04,1
,120.0,2022-03-23,A204,82,V,2022-04-04,3
,120.0,2022-03-23,A206,82,V,2022-04-04,1
,120.0,2022-03-23,A201,80,V,2022-03-28,1
,120.0,2022-03-24,A205,80,V,2022-04-04,70
,120.0,2022-03-10,A208,82,B,2022-03-18,1
,120.0,2022-03-10,A209,82,B,2022-03-18,1
,120.0,2022-03-10,A210,82,B,2022-03-18,1
,120.0,2022-03-24,A210,82,B,2022-04-01,1
,120.0,2022-02-22,A211,80,K,2022-02-28,1
,120.0,2022-02-23,A212,80,K,2022-02-28,1
,120.0,2022-03-02,A213,80,K,2022-03-07,1
,120.0,2022-03-15,A214,80,G,2022-03-21,1
,120.0,2022-03-15,A215,80,G,2022-03-21,1
,120.0,2022-03-22,A215,80,G,2022-03-28,1
,120.0,2022-03-22,A214,80,G,2022-03-28,1
,120.0,2022-03-17,A216,80,L,2022-03-28,4
,120.0,2022-03-24,A216,80,L,2022-04-04,2
,120.0,2022-03-10,A217,80,V,2022-03-18,1
,120.0,2022-03-10,A218,82,V,2022-03-18,3
,120.0,2022-03-10,A219,82,V,2022-03-18,8
,120.0,2022-03-10,A220,82,V,2022-03-18,1
,120.0,2022-03-10,A221,82,V,2022-03-18,11
,120.0,2022-03-10,A222,82,V,2022-03-18,18
,120.0,2022-03-10,A223,80,V,2022-03-18,1
,120.0,2022-03-10,A224,82,V,2022-03-18,2
,120.0,2022-03-10,A162,82,V,2022-03-18,5
,120.0,2022-03-10,A207,82,V,2022-03-18,1
,120.0,2022-03-10,A225,82,V,2022-03-18,1
,120.0,2022-03-10,A226,82,V,2022-03-18,1
,120.0,2022-03-10,A227,82,V,2022-03-18,1
,120.0,2022-03-10,A228,82,V,2022-03-18,1
,120.0,2022-03-10,A229,82,V,2022-03-18,1
,120.0,2022-03-17,A228,82,V,2022-03-25,1
,120.0,2022-03-17,A223,80,V,2022-03-25,1
,120.0,2022-03-17,A230,82,V,2022-03-25,2
,120.0,2022-03-17,A200,82,V,2022-03-25,1
,120.0,2022-03-17,A218,82,V,2022-03-25,3
,120.0,2022-03-17,A225,82,V,2022-03-25,1
,108.0,2022-03-17,A221,82,V,2022-03-25,11
,108.0,2022-03-17,A226,82,V,2022-03-25,1
,108.0,2022-03-17,A217,80,V,2022-03-25,1
,108.0,2022-03-17,A219,82,V,2022-03-25,9
,108.0,2022-03-17,A222,82,V,2022-03-25,18
,108.0,2022-03-17,A207,82,V,2022-03-25,1
,108.0,2022-03-24,A223,80,V,2022-04-01,1
,108.0,2022-03-24,A231,82,V,2022-04-01,1
,112.0,2022-03-24,A222,82,V,2022-04-01,24
,113.0,2022-03-24,A219,82,V,2022-04-01,10
,147.0,2022-03-24,A221,82,V,2022-04-01,11
,147.0,2022-03-24,A218,82,V,2022-04-01,3
,185.0,2022-03-24,A220,82,V,2022-04-01,1
,185.0,2022-03-24,A200,82,V,2022-04-01,1
,185.0,2022-03-24,A230,82,V,2022-04-01,2
,185.0,2022-03-24,A224,82,V,2022-04-01,2
,185.0,2022-03-24,A225,82,V,2022-04-01,1
,185.0,2022-03-24,A226,82,V,2022-04-01,1
,185.0,2022-03-24,A227,82,V,2022-04-01,1
,112.0,2022-03-24,A229,82,V,2022-04-01,1
,112.0,2022-03-10,A200,82,V,2022-03-18,1
,114.0,2022-03-10,A201,80,V,2022-03-18,2
,114.0,2022-03-10,A232,80,V,2022-03-18,1
,114.0,2022-03-17,A201,80,V,2022-03-25,2
,114.0,2022-03-17,A232,80,V,2022-03-25,2
,114.0,2022-03-24,A203,82,V,2022-04-01,1
,114.0,2022-03-24,A201,80,V,2022-04-01,2
,114.0,2022-03-24,A200,82,V,2022-04-01,1
,112.0,2022-03-24,A233,80,A,2022-03-28,1
,112.0,2022-02-02,A234,8010,A,2022-02-02,1
,112.0,2022-03-14,A216,80,K,2022-03-21,16
,112.0,2022-03-17,A235,80,K,2022-03-21,19
,112.0,2022-03-03,A236,82,B,2022-03-14,3
,112.0,2022-03-08,A237,82,B,2022-03-21,24
,112.0,2022-03-09,A163,82,B,2022-03-21,9
,113.0,2022-03-09,A160,82,B,2022-03-21,48
,113.0,2022-03-16,A163,82,B,2022-03-28,5
,113.0,2022-03-16,A160,82,B,2022-03-28,48
,113.0,2022-03-24,A165,82,B,2022-04-06,16
,113.0,2022-03-16,A238,80,K,2022-03-21,1
,113.0,2022-03-23,A238,80,K,2022-03-28,2
,113.0,2022-03-24,A239,82,B,2022-04-01,2
,113.0,2022-03-24,A237,82,B,2022-04-01,1
,113.0,2022-03-24,A160,82,B,2022-04-01,2
,113.0,2022-03-24,A240,82,B,2022-04-01,2
,113.0,2022-03-24,A241,82,B,2022-04-01,2
,113.0,2022-03-24,A242,82,B,2022-04-01,2
,114.0,2022-03-24,A243,82,B,2022-04-01,1
,114.0,2022-03-10,A161,82,B,2022-03-18,1
,114.0,2022-03-10,A166,82,B,2022-03-18,2
,114.0,2022-03-17,A166,82,B,2022-03-25,2
,114.0,2022-03-17,A161,82,B,2022-03-25,1
,114.0,2022-03-17,A225,82,B,2022-03-25,1
,114.0,2022-03-24,A166,82,B,2022-04-01,2
,114.0,2022-03-24,A161,82,B,2022-04-01,1
,114.0,2022-03-09,A244,82,R,2022-03-17,3
,114.0,2022-03-09,A245,82,R,2022-03-17,3
,114.0,2022-03-16,A245,82,R,2022-03-24,2
,114.0,2022-03-16,A244,82,R,2022-03-24,2
,114.0,2022-03-23,A245,82,R,2022-03-31,2
,116.0,2022-03-23,A244,82,R,2022-03-31,2
,112.0,2022-03-09,A245,82,R,2022-03-17,2
,112.0,2022-03-09,A244,82,R,2022-03-17,3
,112.0,2022-03-16,A245,82,R,2022-03-24,3
,138.0,2022-03-16,A244,82,R,2022-03-24,2
,112.0,2022-03-23,A245,82,R,2022-03-31,2
,112.0,2022-03-23,A244,82,R,2022-03-31,2
,112.0,2022-03-09,A162,82,R,2022-03-17,1
,112.0,2022-03-09,A246,80,R,2022-03-17,9
,112.0,2022-03-09,A247,80,R,2022-03-17,12
,138.0,2022-03-09,A248,80,R,2022-03-17,17
,112.0,2022-03-16,A247,80,R,2022-03-24,12
,112.0,2022-03-16,A225,82,R,2022-03-24,1
,112.0,2022-03-16,A246,80,R,2022-03-24,8
,112.0,2022-03-16,A248,80,R,2022-03-24,16
,112.0,2022-03-16,A162,82,R,2022-03-24,1
,112.0,2022-03-23,A162,82,R,2022-03-31,1
,138.0,2022-03-23,A248,80,R,2022-03-31,16
,112.0,2022-03-23,A247,80,R,2022-03-31,13
,112.0,2022-03-23,A246,80,R,2022-03-31,8
,112.0,2022-03-24,A249,80,V,2022-03-30,2
,112.0,2022-02-24,A204,82,B,2022-03-07,1
,112.0,2022-03-03,A250,80,B,2022-03-14,1
,112.0,2022-03-03,A251,80,B,2022-03-14,12
,112.0,2022-03-03,A252,80,B,2022-03-14,14
,138.0,2022-03-03,A203,82,B,2022-03-14,2
,112.0,2022-03-03,A204,82,B,2022-03-14,2
,138.0,2022-03-03,A209,82,B,2022-03-14,1
,138.0,2022-03-03,A253,82,B,2022-03-14,1
,112.0,2022-03-10,A254,82,B,2022-03-21,1
,112.0,2022-03-10,A252,80,B,2022-03-21,16
,112.0,2022-03-10,A255,82,B,2022-03-21,1
,112.0,2022-03-10,A209,82,B,2022-03-21,2
,112.0,2022-03-10,A208,82,B,2022-03-21,1
,138.0,2022-03-10,A204,82,B,2022-03-21,3
,112.0,2022-03-10,A203,82,B,2022-03-21,2
,112.0,2022-03-10,A251,80,B,2022-03-21,16
,112.0,2022-03-10,A256,80,B,2022-03-21,1
,112.0,2022-03-10,A250,80,B,2022-03-21,1
,112.0,2022-03-17,A209,82,B,2022-03-28,2
,120.0,2022-03-17,A253,82,B,2022-03-28,1
,112.0,2022-03-17,A208,82,B,2022-03-28,2
,112.0,2022-03-17,A204,82,B,2022-03-28,2
,112.0,2022-03-17,A203,82,B,2022-03-28,3
,112.0,2022-03-17,A250,80,B,2022-03-28,2
,112.0,2022-03-17,A256,80,B,2022-03-28,2
,115.0,2022-03-17,A251,80,B,2022-03-28,15
,115.0,2022-03-17,A252,80,B,2022-03-28,15
,115.0,2022-03-24,A256,80,B,2022-04-04,1
,115.0,2022-03-24,A251,80,B,2022-04-04,19
,115.0,2022-03-24,A208,82,B,2022-04-04,1
,115.0,2022-03-24,A204,82,B,2022-04-04,3
,115.0,2022-03-24,A255,82,B,2022-04-04,1
,120.0,2022-03-24,A253,82,B,2022-04-04,1
,120.0,2022-03-24,A252,80,B,2022-04-04,19
,120.0,2022-03-24,A254,82,B,2022-04-04,1
,120.0,2022-03-24,A209,82,B,2022-04-04,2
,120.0,2022-03-24,A203,82,B,2022-04-04,1
,120.0,2022-03-14,A257,80,B,2022-03-18,1
,120.0,2022-03-21,A244,82,B,2022-03-25,1
,120.0,2022-03-24,A245,82,V,2022-04-01,1
,120.0,2022-03-09,A258,80,B,2022-03-18,17
,120.0,2022-03-16,A258,80,B,2022-03-25,14
,120.0,2022-03-16,A259,80,B,2022-03-25,21
,120.0,2022-03-23,A258,80,B,2022-04-01,17
,120.0,2022-03-23,A258,80,B,2022-04-01,11
,120.0,2022-03-10,A228,82,V,2022-03-18,1
,120.0,2022-03-17,A241,82,V,2022-03-25,10
,120.0,2022-03-17,A229,82,V,2022-03-25,1
,120.0,2022-03-24,A260,80,V,2022-04-01,1
,113.0,2022-03-24,A241,82,V,2022-04-01,23
,113.0,2022-03-24,A240,82,V,2022-04-01,1
,138.0,2022-03-24,A228,82,V,2022-04-01,1
,138.0,2022-03-10,A261,82,V,2022-03-18,1
,138.0,2022-03-10,A164,82,V,2022-03-18,1
,138.0,2022-03-10,A161,82,V,2022-03-18,1
,138.0,2022-03-10,A262,80,V,2022-03-18,3
,138.0,2022-03-10,A263,80,V,2022-03-18,2
,138.0,2022-03-17,A262,80,V,2022-03-25,3
,110.0,2022-03-17,A244,82,V,2022-03-25,1
,110.0,2022-03-17,A161,82,V,2022-03-25,1
,113.0,2022-03-17,A240,82,V,2022-03-25,1
,113.0,2022-03-17,A245,82,V,2022-03-25,1
,113.0,2022-03-17,A164,82,V,2022-03-25,1
,113.0,2022-03-17,A257,80,V,2022-03-25,1
,112.0,2022-03-17,A263,80,V,2022-03-25,1
,112.0,2022-03-24,A263,80,V,2022-04-01,1
,112.0,2022-03-24,A262,80,V,2022-04-01,3
,112.0,2022-03-24,A264,80,V,2022-04-01,11
,193.0,2022-03-24,A261,82,V,2022-04-01,1
,193.0,2022-03-11,A265,80,K,2022-03-11,36
,193.0,2022-03-11,A265,80,K,2022-03-11,36
,193.0,2022-02-24,A210,82,B,2022-03-07,1
,193.0,2022-03-03,A210,82,B,2022-03-14,1
,193.0,2022-03-10,A210,82,B,2022-03-21,2
,193.0,2022-03-17,A227,82,B,2022-03-28,2
,193.0,2022-03-17,A210,82,B,2022-03-28,1
,193.0,2022-03-24,A210,82,B,2022-04-04,2
,193.0,2022-03-24,A227,82,B,2022-04-04,2
,193.0,2022-02-22,A266,80,K,2022-02-28,1
,193.0,2022-03-02,A267,80,K,2022-03-08,1
,193.0,2022-03-08,A268,80,T,2022-03-22,1
,114.0,2022-03-10,A269,80,T,2022-03-22,35
,114.0,2022-03-17,A269,80,T,2022-03-29,34
,114.0,2022-03-24,A269,80,T,2022-04-05,36
,114.0,2022-03-10,A228,82,B,2022-03-18,1
,114.0,2022-03-10,A270,82,B,2022-03-18,1
,114.0,2022-03-17,A228,82,B,2022-03-25,1
,114.0,2022-03-24,A228,82,B,2022-04-01,1
,114.0,2022-03-08,A271,80,K,2022-03-18,3
,112.0,2022-03-09,A272,80,K,2022-03-18,11
,112.0,2022-03-15,A271,80,K,2022-03-25,1
,112.0,2022-03-16,A272,80,K,2022-03-25,5
,112.0,2022-03-22,A273,80,K,2022-04-01,1
,112.0,2022-03-23,A272,80,K,2022-04-01,4
,112.0,2022-03-01,A274,80,K,2022-03-11,2
,112.0,2022-03-08,A275,80,K,2022-03-18,8
,112.0,2022-03-09,A276,80,K,2022-03-18,5
,112.0,2022-03-15,A275,80,K,2022-03-25,9
,112.0,2022-03-16,A276,80,K,2022-03-25,5
,112.0,2022-03-22,A275,80,K,2022-04-01,8
,112.0,2022-03-23,A276,80,K,2022-04-01,7
,112.0,2022-03-14,A277,82,V,2022-03-18,1
,112.0,2022-03-23,A200,82,B,2022-04-01,1
,112.0,2022-03-23,A160,82,B,2022-04-01,2
,112.0,2022-03-24,A278,82,B,2022-04-01,1
,112.0,2022-03-24,A279,82,B,2022-04-01,5
,112.0,2022-03-24,A205,80,B,2022-04-01,6
,112.0,2022-03-24,A280,80,B,2022-04-01,4
,112.0,2022-03-24,A241,82,B,2022-04-01,2
,112.0,2022-03-09,A163,82,B,2022-03-17,2
,112.0,2022-03-09,A160,82,B,2022-03-17,16
,112.0,2022-03-09,A162,82,B,2022-03-17,4
,112.0,2022-03-10,A281,82,B,2022-03-17,2
,112.0,2022-03-10,A222,82,B,2022-03-17,17
,112.0,2022-03-10,A282,80,B,2022-03-17,12
,112.0,2022-03-10,A166,82,B,2022-03-17,1
,112.0,2022-03-10,A283,80,B,2022-03-17,40
,112.0,2022-03-10,A284,80,B,2022-03-17,7
,112.0,2022-03-10,A285,80,B,2022-03-17,33
,112.0,2022-03-10,A197,80,B,2022-03-17,7
,112.0,2022-03-10,A286,80,B,2022-03-17,6
,112.0,2022-03-10,A195,80,B,2022-03-17,15
,112.0,2022-03-10,A287,80,B,2022-03-17,18
,112.0,2022-03-10,A288,80,B,2022-03-17,60
,112.0,2022-03-16,A163,82,B,2022-03-24,2
,112.0,2022-03-16,A160,82,B,2022-03-24,16
,112.0,2022-03-16,A162,82,B,2022-03-24,4
,112.0,2022-03-17,A283,80,B,2022-03-24,40
,112.0,2022-03-17,A286,80,B,2022-03-24,6
,112.0,2022-03-17,A161,82,B,2022-03-24,1
,112.0,2022-03-17,A288,80,B,2022-03-24,54
,112.0,2022-03-17,A164,82,B,2022-03-24,1
,112.0,2022-03-17,A287,80,B,2022-03-24,18
,112.0,2022-03-17,A222,82,B,2022-03-24,15
,112.0,2022-03-17,A167,82,B,2022-03-24,1
,112.0,2022-03-17,A281,82,B,2022-03-24,1
,112.0,2022-03-17,A166,82,B,2022-03-24,1
,112.0,2022-03-17,A284,80,B,2022-03-24,6
,112.0,2022-03-17,A197,80,B,2022-03-24,6
,112.0,2022-03-17,A285,80,B,2022-03-24,30
,116.0,2022-03-17,A282,80,B,2022-03-24,13
,116.0,2022-03-17,A195,80,B,2022-03-24,15
,116.0,2022-03-23,A160,82,B,2022-03-31,16
,116.0,2022-03-23,A162,82,B,2022-03-31,3
,116.0,2022-03-23,A163,82,B,2022-03-31,2
,116.0,2022-03-24,A285,80,B,2022-03-31,30
,116.0,2022-03-24,A195,80,B,2022-03-31,10
,116.0,2022-03-24,A197,80,B,2022-03-31,6
,116.0,2022-03-24,A284,80,B,2022-03-31,6
,116.0,2022-03-24,A283,80,B,2022-03-31,36
,116.0,2022-03-24,A166,82,B,2022-03-31,1
,116.0,2022-03-24,A281,82,B,2022-03-31,1
,116.0,2022-03-24,A167,82,B,2022-03-31,1
,116.0,2022-03-24,A222,82,B,2022-03-31,15
,116.0,2022-03-24,A164,82,B,2022-03-31,1
,116.0,2022-03-24,A161,82,B,2022-03-31,1
,116.0,2022-03-24,A282,80,B,2022-03-31,13
,116.0,2022-03-24,A287,80,B,2022-03-31,18
,116.0,2022-03-24,A288,80,B,2022-03-31,54
,116.0,2022-03-24,A286,80,B,2022-03-31,6
,116.0,2022-03-09,A201,80,V,2022-03-16,20
,116.0,2022-03-09,A289,80,V,2022-03-16,1
,116.0,2022-03-10,A200,82,V,2022-03-16,1
,116.0,2022-03-10,A210,82,V,2022-03-16,1
,116.0,2022-03-10,A206,82,V,2022-03-16,2
,116.0,2022-03-10,A204,82,V,2022-03-16,1
,116.0,2022-03-10,A290,82,V,2022-03-16,1
,116.0,2022-03-10,A291,82,V,2022-03-16,1
,116.0,2022-03-10,A209,82,V,2022-03-16,1
,116.0,2022-03-10,A292,82,V,2022-03-16,3
,116.0,2022-03-10,A277,82,V,2022-03-16,1
,116.0,2022-03-10,A279,82,V,2022-03-16,4
,116.0,2022-03-10,A254,82,V,2022-03-16,1
,116.0,2022-03-10,A293,80,V,2022-03-16,2
,116.0,2022-03-10,A203,82,V,2022-03-16,1
,116.0,2022-03-10,A294,80,V,2022-03-16,1
,116.0,2022-03-10,A295,80,V,2022-03-16,3
,116.0,2022-03-10,A296,80,V,2022-03-16,11
,116.0,2022-03-10,A297,80,V,2022-03-16,1
,116.0,2022-03-10,A298,80,V,2022-03-16,1
,116.0,2022-03-10,A299,80,V,2022-03-16,18
,116.0,2022-03-10,A300,80,V,2022-03-16,1
,116.0,2022-03-10,A301,80,V,2022-03-16,3
,116.0,2022-03-16,A201,80,V,2022-03-23,20
,116.0,2022-03-17,A200,82,V,2022-03-23,1
,116.0,2022-03-17,A292,82,V,2022-03-23,2
,116.0,2022-03-17,A209,82,V,2022-03-23,1
,116.0,2022-03-17,A291,82,V,2022-03-23,1
,116.0,2022-03-17,A290,82,V,2022-03-23,1
,116.0,2022-03-17,A204,82,V,2022-03-23,2
,116.0,2022-03-17,A253,82,V,2022-03-23,2
,116.0,2022-03-17,A210,82,V,2022-03-23,1
,116.0,2022-03-17,A302,80,V,2022-03-23,1
,116.0,2022-03-17,A279,82,V,2022-03-23,4
,116.0,2022-03-17,A277,82,V,2022-03-23,1
,116.0,2022-03-17,A303,80,V,2022-03-23,2
,116.0,2022-03-17,A295,80,V,2022-03-23,3
,116.0,2022-03-17,A296,80,V,2022-03-23,11
,116.0,2022-03-17,A297,80,V,2022-03-23,2
,116.0,2022-03-17,A298,80,V,2022-03-23,1
,116.0,2022-03-17,A299,80,V,2022-03-23,18
,116.0,2022-03-17,A301,80,V,2022-03-23,4
,116.0,2022-03-17,A203,82,V,2022-03-23,1
,116.0,2022-03-17,A293,80,V,2022-03-23,3
,116.0,2022-03-17,A254,82,V,2022-03-23,1
,116.0,2022-03-17,A206,82,V,2022-03-23,1
,116.0,2022-03-17,A304,82,V,2022-03-23,1
,116.0,2022-03-23,A201,80,V,2022-03-30,24
,116.0,2022-03-24,A206,82,V,2022-03-30,2
,112.0,2022-03-24,A210,82,V,2022-03-30,1
,112.0,2022-03-24,A253,82,V,2022-03-30,3
,112.0,2022-03-24,A204,82,V,2022-03-30,1
,112.0,2022-03-24,A290,82,V,2022-03-30,1
,112.0,2022-03-24,A291,82,V,2022-03-30,1
,112.0,2022-03-24,A305,82,V,2022-03-30,1
,112.0,2022-03-24,A292,82,V,2022-03-30,3
,112.0,2022-03-24,A200,82,V,2022-03-30,1
,112.0,2022-03-24,A277,82,V,2022-03-30,1
,112.0,2022-03-24,A293,80,V,2022-03-30,3
,112.0,2022-03-24,A279,82,V,2022-03-30,3
,112.0,2022-03-24,A303,80,V,2022-03-30,2
,112.0,2022-03-24,A301,80,V,2022-03-30,3
,112.0,2022-03-24,A300,80,V,2022-03-30,1
,112.0,2022-03-24,A299,80,V,2022-03-30,18
,112.0,2022-03-24,A298,80,V,2022-03-30,1
,112.0,2022-03-24,A297,80,V,2022-03-30,2
,112.0,2022-03-24,A296,80,V,2022-03-30,6
,112.0,2022-03-24,A295,80,V,2022-03-30,3
,112.0,2022-03-24,A294,80,V,2022-03-30,1
,112.0,2022-03-10,A163,82,B,2022-03-18,2
,112.0,2022-03-10,A306,82,B,2022-03-18,1
,112.0,2022-03-10,A162,82,B,2022-03-18,1
,114.0,2022-03-10,A161,82,B,2022-03-18,1
,113.0,2022-03-10,A160,82,B,2022-03-18,19
,113.0,2022-03-10,A237,82,B,2022-03-18,3
,113.0,2022-03-10,A166,82,B,2022-03-18,1
,113.0,2022-03-10,A307,82,B,2022-03-18,3
,113.0,2022-03-17,A163,82,B,2022-03-25,1
,112.0,2022-03-17,A306,82,B,2022-03-25,1
,112.0,2022-03-17,A160,82,B,2022-03-25,16
,112.0,2022-03-17,A237,82,B,2022-03-25,3
,112.0,2022-03-17,A166,82,B,2022-03-25,1
,112.0,2022-03-17,A307,82,B,2022-03-25,4
,112.0,2022-03-24,A166,82,B,2022-04-01,1
,112.0,2022-03-24,A225,82,B,2022-04-01,1
,112.0,2022-03-24,A237,82,B,2022-04-01,2
,112.0,2022-03-24,A160,82,B,2022-04-01,12
,112.0,2022-03-24,A161,82,B,2022-04-01,1
,112.0,2022-03-24,A162,82,B,2022-04-01,1
,112.0,2022-03-24,A306,82,B,2022-04-01,1
,112.0,2022-03-24,A163,82,B,2022-04-01,1
,112.0,2022-03-24,A307,82,B,2022-04-01,3
,112.0,2022-03-09,A308,82,R,2022-03-16,1
,112.0,2022-03-09,A206,82,R,2022-03-17,3
,112.0,2022-03-16,A206,82,R,2022-03-24,2
,112.0,2022-03-16,A309,82,R,2022-03-24,1
,112.0,2022-03-23,A206,82,R,2022-03-31,3
,112.0,2022-03-23,A309,82,R,2022-03-31,1
,112.0,2022-03-09,A310,82,R,2022-03-17,1
,112.0,2022-03-09,A311,80,R,2022-03-17,2
,112.0,2022-03-09,A248,80,R,2022-03-17,7
,112.0,2022-03-09,A208,82,R,2022-03-17,2
,112.0,2022-03-09,A312,80,R,2022-03-17,4
,112.0,2022-03-09,A313,80,R,2022-03-17,5
,112.0,2022-03-09,A247,80,R,2022-03-17,3
,111.0,2022-03-09,A206,82,R,2022-03-17,1
,112.0,2022-03-09,A314,80,R,2022-03-17,9
,112.0,2022-03-09,A315,80,R,2022-03-17,9
,112.0,2022-03-09,A209,82,R,2022-03-17,1
,112.0,2022-03-09,A200,82,R,2022-03-17,5
,112.0,2022-03-09,A254,82,R,2022-03-17,1
,112.0,2022-03-09,A316,80,R,2022-03-17,8
,112.0,2022-03-16,A247,80,R,2022-03-24,1
,112.0,2022-03-16,A314,80,R,2022-03-24,8
,112.0,2022-03-16,A313,80,R,2022-03-24,3
,112.0,2022-03-16,A315,80,R,2022-03-24,8
,112.0,2022-03-16,A206,82,R,2022-03-24,2
,112.0,2022-03-16,A248,80,R,2022-03-24,5
,112.0,2022-03-16,A317,80,R,2022-03-24,20
,112.0,2022-03-16,A208,82,R,2022-03-24,1
,112.0,2022-03-16,A225,82,R,2022-03-24,1
,111.0,2022-03-16,A290,82,R,2022-03-24,1
,111.0,2022-03-16,A209,82,R,2022-03-24,1
,112.0,2022-03-16,A200,82,R,2022-03-24,6
,112.0,2022-03-16,A316,80,R,2022-03-24,4
,112.0,2022-03-18,A318,80,R,2022-03-24,4
,112.0,2022-03-23,A311,80,R,2022-03-31,2
,110.0,2022-03-23,A248,80,R,2022-03-31,6
,114.0,2022-03-23,A312,80,R,2022-03-31,4
,190.0,2022-03-23,A206,82,R,2022-03-31,1
,190.0,2022-03-23,A247,80,R,2022-03-31,3
,190.0,2022-03-23,A313,80,R,2022-03-31,5
,190.0,2022-03-23,A315,80,R,2022-03-31,11
,190.0,2022-03-23,A314,80,R,2022-03-31,11
,190.0,2022-03-23,A254,82,R,2022-03-31,1
,190.0,2022-03-23,A200,82,R,2022-03-31,4
,190.0,2022-03-23,A209,82,R,2022-03-31,2
,190.0,2022-03-23,A162,82,R,2022-03-31,1
,190.0,2022-03-23,A208,82,R,2022-03-31,1
,190.0,2022-03-23,A310,82,R,2022-03-31,1
,190.0,2022-03-23,A316,80,R,2022-03-31,4
,130.0,2022-03-25,A318,80,R,2022-03-31,5
,130.0,2022-03-25,A319,80,R,2022-03-31,1
,119.0,2022-03-24,A307,82,B,2022-04-01,1
,119.0,2022-03-24,A205,80,B,2022-04-01,3
,119.0,2022-03-24,A160,82,B,2022-04-01,2
,119.0,2022-03-24,A241,82,B,2022-04-01,1
,119.0,2022-03-21,A320,80,K,2022-03-21,1
,119.0,2022-03-21,A320,80,M,2022-03-21,1
,119.0,2022-03-02,A321,80,K,2022-03-14,40
,119.0,2022-03-03,A322,80,K,2022-03-18,20
,119.0,2022-03-09,A321,80,K,2022-03-21,80
,119.0,2022-03-10,A323,80,K,2022-03-25,120
,119.0,2022-03-10,A324,80,K,2022-03-25,8
,119.0,2022-03-10,A322,80,K,2022-03-25,70
,119.0,2022-03-16,A323,80,K,2022-03-31,120
,119.0,2022-03-16,A321,80,K,2022-03-28,80
,119.0,2022-03-23,A321,80,K,2022-04-04,160
,119.0,2022-03-24,A324,80,K,2022-04-08,16
,119.0,2022-03-24,A322,80,K,2022-04-08,70
,119.0,2022-03-24,A323,80,K,2022-04-08,120
,119.0,2022-03-17,A325,80,H,2022-05-06,38
,119.0,2022-03-17,A326,80,H,2022-05-06,32
,119.0,2022-03-03,A327,80,L,2022-03-11,90
,119.0,2022-03-03,A328,80,L,2022-03-11,60
,119.0,2022-03-03,A329,80,L,2022-03-11,45
,119.0,2022-03-03,A330,80,L,2022-03-11,90
,119.0,2022-03-03,A331,80,L,2022-03-11,225
,119.0,2022-03-03,A332,80,L,2022-03-11,75
,119.0,2022-03-03,A333,80,L,2022-03-11,30
,119.0,2022-03-10,A330,80,L,2022-03-18,120
,119.0,2022-03-10,A327,80,L,2022-03-18,75
,119.0,2022-03-10,A328,80,L,2022-03-18,60
,119.0,2022-03-10,A334,80,L,2022-03-18,45
,119.0,2022-03-10,A335,80,L,2022-03-18,15
,165.0,2022-03-10,A333,80,L,2022-03-18,15
,165.0,2022-03-10,A336,80,L,2022-03-18,45
,110.0,2022-03-10,A331,80,L,2022-03-18,75
,110.0,2022-03-17,A331,80,L,2022-03-25,120
,110.0,2022-03-17,A330,80,L,2022-03-25,135
,110.0,2022-03-17,A328,80,L,2022-03-25,90
,110.0,2022-03-17,A335,80,L,2022-03-25,15
,110.0,2022-03-17,A336,80,L,2022-03-25,60
,110.0,2022-03-17,A327,80,L,2022-03-25,120
,105.0,2022-03-17,A332,80,L,2022-03-25,30
,105.0,2022-03-17,A333,80,L,2022-03-25,15
,105.0,2022-03-24,A333,80,L,2022-04-01,15
,105.0,2022-03-24,A327,80,L,2022-04-01,75
,105.0,2022-03-24,A332,80,L,2022-04-01,30
,105.0,2022-03-24,A329,80,L,2022-04-01,45
,105.0,2022-03-24,A336,80,L,2022-04-01,45
,105.0,2022-03-24,A328,80,L,2022-04-01,15
,105.0,2022-03-24,A334,80,L,2022-04-01,30
,105.0,2022-03-24,A331,80,L,2022-04-01,105
,105.0,2022-03-24,A330,80,L,2022-04-01,90
,105.0,2022-03-09,A337,80,K,2022-03-14,16
,105.0,2022-03-23,A338,80,K,2022-03-28,16
,112.0,2021-08-30,A339,82,J,2021-09-13,1
,112.0,2021-10-19,A340,82,J,2021-11-02,1
,112.0,2021-12-13,A340,82,J,2021-12-28,1
,112.0,2022-01-03,A341,80,J,2022-01-18,1
,112.0,2022-01-07,A342,82,J,2022-01-24,1
,112.0,2022-01-25,A340,82,J,2022-02-08,1
,112.0,2022-03-08,A340,82,J,2022-03-22,2
,112.0,2022-03-10,A343,82,V,2022-03-18,1
,112.0,2022-03-10,A344,82,V,2022-03-18,2
,112.0,2022-03-10,A345,82,V,2022-03-18,2
,112.0,2022-03-10,A209,82,V,2022-03-18,3
,112.0,2022-03-17,A343,82,V,2022-03-25,5
,112.0,2022-03-17,A344,82,V,2022-03-25,1
,112.0,2022-03-17,A345,82,V,2022-03-25,2
,112.0,2022-03-17,A209,82,V,2022-03-25,5
,112.0,2022-03-21,A346,80,V,2022-03-25,1
,111.0,2022-03-24,A209,82,V,2022-04-01,3
,111.0,2022-03-24,A345,82,V,2022-04-01,2
,111.0,2022-03-24,A344,82,V,2022-04-01,2
,111.0,2022-03-24,A343,82,V,2022-04-01,4
,111.0,2022-03-09,A347,80,S,2022-03-21,2
,111.0,2022-03-09,A348,80,S,2022-03-21,2
,111.0,2022-03-16,A348,80,S,2022-03-28,3
,111.0,2022-03-16,A347,80,S,2022-03-28,4
,112.0,2022-03-23,A348,80,S,2022-04-04,5
,112.0,2022-03-23,A347,80,S,2022-04-04,4
,112.0,2022-03-09,A349,80,S,2022-03-21,4
,112.0,2022-03-09,A350,80,S,2022-03-21,4
,112.0,2022-03-16,A350,80,S,2022-03-28,3
,112.0,2022-03-16,A349,80,S,2022-03-28,2
,112.0,2022-03-17,A351,80,S,2022-03-28,3
,112.0,2022-03-17,A352,80,S,2022-03-28,2
,112.0,2022-03-23,A349,80,S,2022-04-04,3
,112.0,2022-03-23,A350,80,S,2022-04-04,3
,112.0,2022-03-24,A351,80,S,2022-04-04,4
,111.0,2022-03-24,A352,80,S,2022-04-04,3
,112.0,2022-03-10,A353,80,M,2022-03-21,1
,112.0,2022-03-11,A354,80,M,2022-03-21,1
,112.0,2022-03-24,A355,80,M,2022-04-04,4
,112.0,2022-03-24,A356,80,M,2022-04-04,5
,112.0,2022-03-24,A357,80,M,2022-04-04,1
,112.0,2022-03-24,A358,80,M,2022-04-04,1
,112.0,2022-03-24,A353,80,M,2022-04-04,1
,112.0,2022-03-25,A354,80,M,2022-04-04,1
,112.0,2022-03-03,A210,82,L,2022-03-14,1
,112.0,2022-03-10,A210,82,L,2022-03-21,2
,112.0,2022-03-17,A210,82,L,2022-03-28,1
,112.0,2022-03-24,A210,82,L,2022-04-04,1
,112.0,2022-03-03,A206,82,L,2022-03-14,5
,112.0,2022-03-03,A310,82,L,2022-03-14,3
,112.0,2022-03-03,A359,80,L,2022-03-14,9
,112.0,2022-03-03,A360,82,L,2022-03-14,4
,112.0,2022-03-03,A208,82,L,2022-03-14,2
,112.0,2022-03-03,A361,82,L,2022-03-14,1
,112.0,2022-03-03,A362,82,L,2022-03-14,2
,112.0,2022-03-09,A363,80,L,2022-03-09,1
,112.0,2022-03-10,A361,82,L,2022-03-21,1
,112.0,2022-03-10,A206,82,L,2022-03-21,2
,112.0,2022-03-10,A200,82,L,2022-03-21,2
,112.0,2022-03-10,A310,82,L,2022-03-21,3
,112.0,2022-03-10,A254,82,L,2022-03-21,1
,112.0,2022-03-10,A290,82,L,2022-03-21,1
,112.0,2022-03-10,A209,82,L,2022-03-21,1
,112.0,2022-03-10,A257,80,L,2022-03-21,1
,112.0,2022-03-10,A210,82,L,2022-03-21,3
,112.0,2022-03-10,A208,82,L,2022-03-21,3
,112.0,2022-03-10,A202,82,L,2022-03-21,3
,112.0,2022-03-10,A362,82,L,2022-03-21,1
,112.0,2022-03-10,A360,82,L,2022-03-21,7
,112.0,2022-03-10,A359,80,L,2022-03-21,9
,112.0,2022-03-10,A364,80,L,2022-03-21,20
,112.0,2022-03-17,A226,82,L,2022-03-28,1
,112.0,2022-03-17,A365,80,L,2022-03-28,10
,112.0,2022-03-17,A364,80,L,2022-03-28,40
,112.0,2022-03-17,A359,80,L,2022-03-28,3
,112.0,2022-03-17,A257,80,L,2022-03-28,1
,112.0,2022-03-17,A366,80,L,2022-03-28,4
,112.0,2022-03-17,A367,80,L,2022-03-28,2
,112.0,2022-03-17,A368,82,L,2022-03-28,1
,112.0,2022-03-17,A210,82,L,2022-03-28,3
,112.0,2022-03-17,A220,82,L,2022-03-28,1
,112.0,2022-03-17,A208,82,L,2022-03-28,2
,112.0,2022-03-17,A202,82,L,2022-03-28,3
,112.0,2022-03-17,A362,82,L,2022-03-28,1
,112.0,2022-03-17,A360,82,L,2022-03-28,7
,113.0,2022-03-17,A206,82,L,2022-03-28,3
,113.0,2022-03-17,A200,82,L,2022-03-28,1
,112.0,2022-03-17,A310,82,L,2022-03-28,3
,112.0,2022-03-24,A310,82,L,2022-04-04,4
,112.0,2022-03-24,A200,82,L,2022-04-04,2
,112.0,2022-03-24,A206,82,L,2022-04-04,2
,112.0,2022-03-24,A361,82,L,2022-04-04,1
,112.0,2022-03-24,A360,82,L,2022-04-04,7
,112.0,2022-03-24,A362,82,L,2022-04-04,1
,112.0,2022-03-24,A202,82,L,2022-04-04,3
,112.0,2022-03-24,A208,82,L,2022-04-04,3
,112.0,2022-03-24,A220,82,L,2022-04-04,1
,112.0,2022-03-24,A210,82,L,2022-04-04,2
,112.0,2022-03-24,A369,82,L,2022-04-04,2
,112.0,2022-03-24,A364,80,L,2022-04-04,40
,112.0,2022-03-24,A359,80,L,2022-04-04,10
,112.0,2022-03-24,A370,80,L,2022-04-04,2
,112.0,2022-03-24,A257,80,L,2022-04-04,1
,112.0,2022-03-24,A209,82,L,2022-04-04,1
,112.0,2022-03-24,A290,82,L,2022-04-04,1
,112.0,2022-02-24,A257,80,L,2022-03-07,1
,112.0,2022-03-03,A257,80,L,2022-03-14,1
,112.0,2022-03-10,A210,82,L,2022-03-21,1
,166.0,2022-03-24,A371,80,L,2022-04-04,1
,166.0,2022-03-03,A210,82,L,2022-03-14,4
,166.0,2022-03-03,A372,82,L,2022-03-14,1
,166.0,2022-03-03,A360,82,L,2022-03-14,5
,166.0,2022-03-10,A360,82,L,2022-03-21,7
,166.0,2022-03-10,A210,82,L,2022-03-21,3
,147.0,2022-03-17,A245,82,L,2022-03-28,1
,147.0,2022-03-17,A360,82,L,2022-03-28,7
,147.0,2022-03-17,A372,82,L,2022-03-28,1
,147.0,2022-03-17,A210,82,L,2022-03-28,4
,147.0,2022-03-17,A244,82,L,2022-03-28,1
,138.0,2022-03-24,A210,82,L,2022-04-04,2
,137.0,2022-03-24,A360,82,L,2022-04-04,7
,137.0,2022-03-24,A372,82,L,2022-04-04,1
,137.0,2022-03-11,A373,80,K,2022-03-15,2
,137.0,2022-03-11,A374,80,K,2022-03-15,2
,137.0,2022-03-11,A375,80,K,2022-03-15,1
,150.0,2022-03-25,A375,80,K,2022-03-29,2
,150.0,2022-03-25,A374,80,K,2022-03-29,3
,150.0,2022-03-25,A373,80,K,2022-03-29,3
,150.0,2022-03-10,A376,80,o,2022-03-21,9
,150.0,2022-03-10,A377,80,o,2022-03-21,1
,150.0,2022-03-17,A377,80,o,2022-03-28,3
,150.0,2022-03-17,A376,80,o,2022-03-28,18
,150.0,2022-03-24,A377,80,o,2022-04-04,3
,150.0,2022-03-24,A376,80,o,2022-04-04,18
,150.0,2022-03-08,A378,80,G,2022-03-15,117
,150.0,2022-03-15,A207,82,G,2022-03-21,2
,150.0,2022-03-15,A378,80,G,2022-03-22,150
,150.0,2022-03-22,A207,82,G,2022-03-28,1
,150.0,2022-03-22,A378,80,G,2022-03-29,139
,150.0,2022-03-22,A379,80,G,2022-03-28,1
,150.0,2022-03-08,A380,82,g,2022-03-14,1
,150.0,2022-03-15,A381,82,g,2022-03-21,1
,150.0,2022-03-15,A200,82,G,2022-03-21,1
,150.0,2022-03-15,A380,82,g,2022-03-21,1
,150.0,2022-03-22,A380,82,g,2022-03-28,2
,150.0,2022-03-01,A382,80,O,2022-03-08,1
,150.0,2022-03-01,A382,80,O,2022-03-08,1
,150.0,2022-03-04,A382,80,O,2022-03-11,1
,150.0,2022-03-09,A383,80,O,2022-03-18,1
,150.0,2022-03-09,A384,80,O,2022-03-18,10
,150.0,2022-03-09,A385,80,O,2022-03-18,11
,150.0,2022-03-09,A386,80,O,2022-03-18,10
,150.0,2022-03-09,A159,80,O,2022-03-18,30
,150.0,2022-03-09,A387,80,O,2022-03-18,2
,150.0,2022-03-09,A388,80,O,2022-03-18,6
,112.0,2022-03-09,A389,80,O,2022-03-18,4
,112.0,2022-03-11,A390,80,O,2022-03-18,2
,112.0,2022-03-16,A387,80,O,2022-03-25,8
,112.0,2022-03-16,A159,80,O,2022-03-25,30
,112.0,2022-03-16,A388,80,O,2022-03-25,12
,112.0,2022-03-16,A389,80,O,2022-03-25,9
,112.0,2022-03-16,A383,80,O,2022-03-25,1
,112.0,2022-03-16,A386,80,O,2022-03-25,5
,112.0,2022-03-16,A391,80,O,2022-03-25,1
,112.0,2022-03-16,A384,80,O,2022-03-25,10
,112.0,2022-03-16,A385,80,O,2022-03-25,12
,112.0,2022-03-18,A382,80,O,2022-03-25,1
,112.0,2022-03-23,A385,80,O,2022-04-01,8
,112.0,2022-03-23,A384,80,O,2022-04-01,13
,112.0,2022-03-23,A386,80,O,2022-04-01,10
,112.0,2022-03-23,A391,80,O,2022-04-01,1
,112.0,2022-03-23,A159,80,O,2022-04-01,60
,112.0,2022-03-23,A387,80,O,2022-04-01,6
,112.0,2022-03-23,A388,80,O,2022-04-01,18
,112.0,2022-03-23,A389,80,O,2022-04-01,5
,112.0,2022-03-08,A392,80,G,2022-03-14,1
,112.0,2022-03-08,A393,80,G,2022-03-14,1
,112.0,2022-03-08,A394,80,G,2022-03-14,1
,112.0,2022-03-08,A241,82,G,2022-03-14,5
,112.0,2022-03-08,A395,80,G,2022-03-14,2
,112.0,2022-03-08,A396,80,G,2022-03-14,7
,112.0,2022-03-08,A397,80,G,2022-03-14,1
,112.0,2022-03-08,A398,80,G,2022-03-14,6
,112.0,2022-03-08,A399,80,G,2022-03-14,3
,112.0,2022-03-08,A400,80,G,2022-03-14,5
,112.0,2022-03-08,A225,82,G,2022-03-14,1
,112.0,2022-03-08,A401,80,G,2022-03-14,2
,112.0,2022-03-08,A402,80,G,2022-03-14,4
,112.0,2022-03-08,A403,80,G,2022-03-14,3
,112.0,2022-03-08,A404,80,G,2022-03-14,14
,112.0,2022-03-08,A405,80,G,2022-03-14,13
,112.0,2022-03-08,A406,80,G,2022-03-14,2
,112.0,2022-03-08,A407,80,G,2022-03-14,2
,112.0,2022-03-08,A408,80,G,2022-03-14,1
,112.0,2022-03-08,A409,80,G,2022-03-14,1
,112.0,2022-03-08,A410,80,G,2022-03-14,1
,112.0,2022-03-08,A411,80,G,2022-03-14,4
,112.0,2022-03-08,A412,80,G,2022-03-14,3
,112.0,2022-03-08,A413,80,G,2022-03-14,1
,112.0,2022-03-08,A414,80,G,2022-03-14,1
,112.0,2022-03-08,A415,80,G,2022-03-14,1
,112.0,2022-03-08,A416,80,G,2022-03-14,4
,112.0,2022-03-08,A417,80,G,2022-03-14,1
,112.0,2022-03-08,A418,80,G,2022-03-14,10
,112.0,2022-03-08,A419,80,G,2022-03-14,1
,112.0,2022-03-08,A420,80,G,2022-03-14,1
,112.0,2022-03-08,A421,80,G,2022-03-14,2
,112.0,2022-03-15,A399,80,G,2022-03-21,2
,112.0,2022-03-15,A400,80,G,2022-03-21,4
,112.0,2022-03-15,A415,80,G,2022-03-21,1
,112.0,2022-03-15,A422,80,G,2022-03-21,1
,112.0,2022-03-15,A423,80,G,2022-03-21,1
,112.0,2022-03-15,A410,80,G,2022-03-21,1
,112.0,2022-03-15,A162,82,G,2022-03-21,1
,112.0,2022-03-15,A398,80,G,2022-03-21,4
,112.0,2022-03-15,A395,80,G,2022-03-21,2
,112.0,2022-03-15,A396,80,G,2022-03-21,8
,112.0,2022-03-15,A397,80,G,2022-03-21,1
,112.0,2022-03-15,A424,80,G,2022-03-21,1
,112.0,2022-03-15,A392,80,G,2022-03-21,1
,112.0,2022-03-15,A425,80,G,2022-03-21,1
,112.0,2022-03-15,A411,80,G,2022-03-21,3
,112.0,2022-03-15,A426,80,G,2022-03-21,1
,112.0,2022-03-15,A412,80,G,2022-03-21,2
,138.0,2022-03-15,A241,82,G,2022-03-21,6
,138.0,2022-03-15,A416,80,G,2022-03-21,4
,138.0,2022-03-15,A404,80,G,2022-03-21,9
,138.0,2022-03-15,A405,80,G,2022-03-21,10
,138.0,2022-03-15,A406,80,G,2022-03-21,2
,138.0,2022-03-15,A407,80,G,2022-03-21,2
,138.0,2022-03-15,A403,80,G,2022-03-21,2
,138.0,2022-03-15,A402,80,G,2022-03-21,3
,138.0,2022-03-15,A421,80,G,2022-03-21,2
,138.0,2022-03-15,A418,80,G,2022-03-21,8
,138.0,2022-03-15,A420,80,G,2022-03-21,1
,138.0,2022-03-22,A396,80,G,2022-03-28,5
,138.0,2022-03-22,A241,82,G,2022-03-28,4
,138.0,2022-03-22,A416,80,G,2022-03-28,3
,138.0,2022-03-22,A418,80,G,2022-03-28,5
,138.0,2022-03-22,A404,80,G,2022-03-28,6
,107.0,2022-03-22,A424,80,G,2022-03-28,1
,107.0,2022-03-22,A405,80,G,2022-03-28,5
,107.0,2022-03-22,A425,80,G,2022-03-28,1
,107.0,2022-03-08,A427,80,G,2022-03-14,1
,107.0,2022-03-03,A428,80,B,2022-03-14,1
,107.0,2022-03-03,A429,80,B,2022-03-14,1
,107.0,2022-03-03,A430,80,B,2022-03-14,2
,107.0,2022-03-10,A264,80,B,2022-03-21,6
,107.0,2022-03-10,A429,80,B,2022-03-21,1
,107.0,2022-03-10,A431,80,B,2022-03-21,1
,107.0,2022-03-17,A264,80,B,2022-03-28,10
,107.0,2022-03-17,A428,80,B,2022-03-28,1
,107.0,2022-03-17,A432,80,B,2022-03-28,1
,107.0,2022-03-17,A430,80,B,2022-03-28,2
,107.0,2022-03-17,A433,80,B,2022-03-28,1
,107.0,2022-03-24,A264,80,B,2022-04-04,7
,107.0,2022-03-24,A432,80,B,2022-04-04,1
,107.0,2022-03-24,A431,80,B,2022-04-04,1
,107.0,2022-03-24,A429,80,B,2022-04-04,1
,107.0,2022-03-24,A434,82,B,2022-04-04,1
,107.0,2022-03-08,A241,82,G,2022-03-14,4
,107.0,2022-03-08,A435,82,g,2022-03-14,10
,107.0,2022-03-08,A436,80,G,2022-03-14,7
,107.0,2022-03-08,A239,82,G,2022-03-14,1
,107.0,2022-03-08,A242,82,G,2022-03-14,1
,107.0,2022-03-08,A240,82,G,2022-03-14,1
,107.0,2022-03-08,A229,82,G,2022-03-14,1
,107.0,2022-03-08,A437,80,G,2022-03-14,6
,107.0,2022-03-08,A438,80,G,2022-03-14,5
,107.0,2022-03-08,A439,80,G,2022-03-14,5
,107.0,2022-03-08,A440,80,G,2022-03-14,4
,107.0,2022-03-08,A441,80,G,2022-03-14,4
,107.0,2022-03-08,A442,80,G,2022-03-14,5
,107.0,2022-03-08,A443,80,G,2022-03-14,5
,107.0,2022-03-08,A444,80,G,2022-03-14,10
,107.0,2022-03-08,A445,80,G,2022-03-14,10
,107.0,2022-03-08,A446,80,G,2022-03-14,6
,107.0,2022-03-08,A447,80,g,2022-03-14,2
,107.0,2022-03-08,A448,80,G,2022-03-14,3
,107.0,2022-03-08,A449,80,G,2022-03-14,1
,107.0,2022-03-15,A441,80,G,2022-03-21,7
,107.0,2022-03-15,A440,80,G,2022-03-21,7
,107.0,2022-03-15,A438,80,G,2022-03-21,8
,107.0,2022-03-15,A439,80,G,2022-03-21,9
,107.0,2022-03-15,A447,80,g,2022-03-21,5
,107.0,2022-03-15,A437,80,G,2022-03-21,11
,107.0,2022-03-15,A239,82,G,2022-03-21,2
,107.0,2022-03-15,A436,80,G,2022-03-21,11
,107.0,2022-03-15,A243,82,G,2022-03-21,1
,107.0,2022-03-15,A242,82,G,2022-03-21,2
,107.0,2022-03-15,A240,82,G,2022-03-21,1
,107.0,2022-03-15,A435,82,g,2022-03-21,15
,107.0,2022-03-15,A241,82,G,2022-03-21,14
,107.0,2022-03-15,A450,80,G,2022-03-21,1
,107.0,2022-03-15,A448,80,G,2022-03-21,6
,107.0,2022-03-15,A446,80,G,2022-03-21,10
,107.0,2022-03-15,A451,80,G,2022-03-21,1
,107.0,2022-03-15,A444,80,G,2022-03-21,16
,107.0,2022-03-15,A445,80,G,2022-03-21,16
,107.0,2022-03-15,A442,80,G,2022-03-21,7
,138.0,2022-03-15,A443,80,G,2022-03-21,8
,138.0,2022-03-22,A436,80,G,2022-03-28,8
,138.0,2022-03-22,A452,80,G,2022-03-28,1
,138.0,2022-03-22,A442,80,G,2022-03-28,5
,138.0,2022-03-22,A443,80,G,2022-03-28,6
,138.0,2022-03-22,A446,80,G,2022-03-28,7
,138.0,2022-03-22,A438,80,G,2022-03-28,6
,138.0,2022-03-22,A439,80,G,2022-03-28,6
,138.0,2022-03-22,A437,80,G,2022-03-28,8
,138.0,2022-03-22,A440,80,G,2022-03-28,4
,138.0,2022-03-22,A441,80,G,2022-03-28,4
,138.0,2022-03-22,A448,80,G,2022-03-28,3
,138.0,2022-03-22,A239,82,G,2022-03-28,1
,138.0,2022-03-22,A242,82,G,2022-03-28,2
,138.0,2022-03-22,A240,82,G,2022-03-28,1
,138.0,2022-03-22,A435,82,g,2022-03-28,10
,138.0,2022-03-22,A241,82,G,2022-03-28,8
,138.0,2022-03-22,A447,80,g,2022-03-28,3
,138.0,2022-03-22,A444,80,G,2022-03-28,10
,138.0,2022-03-22,A445,80,G,2022-03-28,10
,138.0,2022-03-02,A453,80,C,2022-03-08,1
,138.0,2022-03-08,A454,80,G,2022-03-14,2
,138.0,2022-03-08,A455,80,G,2022-03-14,1
,138.0,2022-03-08,A456,80,G,2022-03-14,1
,138.0,2022-03-08,A457,80,G,2022-03-14,1
,138.0,2022-03-08,A458,80,G,2022-03-14,7
,138.0,2022-03-08,A459,80,G,2022-03-14,6
,138.0,2022-03-08,A460,80,G,2022-03-14,3
,138.0,2022-03-08,A461,80,G,2022-03-14,13
,138.0,2022-03-08,A462,80,G,2022-03-14,5
,138.0,2022-03-08,A463,80,G,2022-03-14,4
,138.0,2022-03-08,A464,80,G,2022-03-14,1
,138.0,2022-03-08,A465,80,G,2022-03-14,6
,138.0,2022-03-08,A466,80,G,2022-03-14,1
,138.0,2022-03-08,A467,80,G,2022-03-14,1
,138.0,2022-03-08,A468,80,G,2022-03-14,6
,138.0,2022-03-08,A469,80,G,2022-03-14,6
,138.0,2022-03-08,A470,80,G,2022-03-14,5
,138.0,2022-03-08,A261,82,G,2022-03-14,1
,138.0,2022-03-08,A471,82,G,2022-03-14,3
,138.0,2022-03-08,A472,82,G,2022-03-14,2
,138.0,2022-03-08,A473,80,G,2022-03-14,1
,138.0,2022-03-08,A474,80,G,2022-03-14,5
,138.0,2022-03-15,A458,80,G,2022-03-21,7
,138.0,2022-03-15,A459,80,G,2022-03-21,5
,138.0,2022-03-15,A460,80,G,2022-03-21,3
,138.0,2022-03-15,A461,80,G,2022-03-21,11
,138.0,2022-03-15,A462,80,G,2022-03-21,5
,138.0,2022-03-15,A463,80,G,2022-03-21,4
,138.0,2022-03-15,A464,80,G,2022-03-21,1
,138.0,2022-03-15,A475,80,G,2022-03-21,1
,138.0,2022-03-15,A456,80,G,2022-03-21,1
,138.0,2022-03-15,A455,80,G,2022-03-21,2
,138.0,2022-03-15,A454,80,G,2022-03-21,2
,138.0,2022-03-15,A466,80,G,2022-03-21,2
,138.0,2022-03-15,A474,80,G,2022-03-21,7
,138.0,2022-03-15,A465,80,G,2022-03-21,7
,138.0,2022-03-15,A470,80,G,2022-03-21,5
,138.0,2022-03-15,A261,82,G,2022-03-21,2
,138.0,2022-03-15,A469,80,G,2022-03-21,6
,138.0,2022-03-15,A471,82,G,2022-03-21,2
,138.0,2022-03-15,A468,80,G,2022-03-21,6
,138.0,2022-03-15,A467,80,G,2022-03-21,4
,138.0,2022-03-15,A242,82,G,2022-03-21,1
,138.0,2022-03-15,A472,82,G,2022-03-21,3
,138.0,2022-03-22,A465,80,G,2022-03-28,3
,138.0,2022-03-22,A472,82,G,2022-03-28,1
,138.0,2022-03-22,A261,82,G,2022-03-28,1
,138.0,2022-03-22,A471,82,G,2022-03-28,1
,138.0,2022-03-22,A455,80,G,2022-03-28,1
,138.0,2022-03-22,A454,80,G,2022-03-28,1
,138.0,2022-03-22,A466,80,G,2022-03-28,1
,138.0,2022-03-22,A467,80,G,2022-03-28,2
,138.0,2022-03-22,A468,80,G,2022-03-28,4
,138.0,2022-03-22,A469,80,G,2022-03-28,4
,138.0,2022-03-22,A470,80,G,2022-03-28,3
,138.0,2022-03-22,A457,80,G,2022-03-28,1
,138.0,2022-03-22,A458,80,G,2022-03-28,4
,138.0,2022-03-22,A459,80,G,2022-03-28,3
,138.0,2022-03-22,A460,80,G,2022-03-28,1
,138.0,2022-03-22,A461,80,G,2022-03-28,7
,138.0,2022-03-22,A462,80,G,2022-03-28,2
,138.0,2022-03-22,A463,80,G,2022-03-28,3
,138.0,2022-03-22,A464,80,G,2022-03-28,1
,138.0,2022-03-22,A475,80,G,2022-03-28,1
,107.0,2022-03-22,A476,80,G,2022-03-28,2
,107.0,2022-03-22,A474,80,G,2022-03-28,7
,107.0,2022-03-08,A164,82,G,2022-03-14,2
,107.0,2022-03-08,A161,82,G,2022-03-14,2
,107.0,2022-03-08,A162,82,G,2022-03-14,1
,107.0,2022-03-08,A281,82,G,2022-03-14,1
,107.0,2022-03-08,A166,82,G,2022-03-14,2
,107.0,2022-03-15,A161,82,G,2022-03-21,2
,107.0,2022-03-15,A164,82,G,2022-03-21,3
,107.0,2022-03-15,A166,82,G,2022-03-21,1
,107.0,2022-03-15,A225,82,G,2022-03-21,1
,107.0,2022-03-15,A162,82,G,2022-03-21,1
,107.0,2022-03-15,A281,82,G,2022-03-21,1
,131.0,2022-03-22,A161,82,G,2022-03-28,2
,131.0,2022-03-22,A240,82,G,2022-03-28,1
,131.0,2022-03-22,A225,82,G,2022-03-28,1
,131.0,2022-03-22,A164,82,G,2022-03-28,1
,131.0,2022-03-22,A166,82,G,2022-03-28,2
,131.0,2022-03-22,A162,82,G,2022-03-28,1
,112.0,2022-03-22,A281,82,G,2022-03-28,1
,112.0,2022-02-24,A477,82,G,2022-03-02,2
,112.0,2022-03-01,A477,82,G,2022-03-07,1
,112.0,2022-03-08,A200,82,G,2022-03-14,9
,112.0,2022-03-08,A477,82,G,2022-03-14,1
,112.0,2022-03-15,A200,82,G,2022-03-21,9
,112.0,2022-03-15,A209,82,G,2022-03-21,1
,112.0,2022-03-15,A477,82,G,2022-03-21,2
,112.0,2022-03-15,A277,82,G,2022-03-21,3
,112.0,2022-03-22,A477,82,G,2022-03-28,2
,138.0,2022-03-22,A200,82,G,2022-03-28,9
,138.0,2022-03-22,A277,82,G,2022-03-28,2
,138.0,2022-03-22,A226,82,G,2022-03-28,1
,138.0,2022-03-22,A220,82,G,2022-03-28,1
,138.0,2022-03-01,A478,82,G,2022-03-07,1
,113.0,2022-03-08,A241,82,G,2022-03-14,1
,113.0,2022-03-15,A241,82,G,2022-03-21,1
,113.0,2022-03-15,A478,82,G,2022-03-21,1
,113.0,2022-03-15,A479,80,G,2022-03-21,1
,113.0,2022-03-15,A480,80,G,2022-03-21,1
,113.0,2022-03-08,A240,82,G,2022-03-14,1
,113.0,2022-03-08,A229,82,G,2022-03-14,1
,113.0,2022-03-08,A166,82,G,2022-03-14,2
,113.0,2022-03-15,A161,82,G,2022-03-21,1
,113.0,2022-03-15,A164,82,G,2022-03-21,1
,113.0,2022-03-15,A166,82,G,2022-03-21,1
,113.0,2022-03-15,A240,82,G,2022-03-21,1
,113.0,2022-03-22,A164,82,G,2022-03-28,1
,113.0,2022-03-22,A166,82,G,2022-03-28,1
,113.0,2022-03-22,A240,82,G,2022-03-28,2
,113.0,2022-03-15,A481,82,G,2022-03-21,1
,113.0,2022-03-03,A201,80,B,2022-03-14,3
,113.0,2022-03-10,A201,80,B,2022-03-21,4
,113.0,2022-03-17,A201,80,B,2022-03-28,3
,113.0,2022-03-24,A201,80,B,2022-04-04,3
,113.0,2022-03-01,A482,82,G,2022-03-07,1
,113.0,2022-03-08,A483,80,G,2022-03-14,8
,113.0,2022-03-08,A484,82,G,2022-03-14,1
,113.0,2022-03-08,A482,82,G,2022-03-14,1
,113.0,2022-03-08,A485,80,G,2022-03-14,8
,113.0,2022-03-15,A483,80,G,2022-03-21,4
,113.0,2022-03-15,A485,80,G,2022-03-21,4
,113.0,2022-03-15,A482,82,G,2022-03-21,1
,113.0,2022-03-22,A482,82,G,2022-03-28,1
,113.0,2022-03-22,A486,80,G,2022-03-28,4
,113.0,2022-03-22,A487,80,G,2022-03-28,4
,113.0,2022-03-22,A483,80,G,2022-03-28,8
,113.0,2022-03-22,A485,80,G,2022-03-28,8
,113.0,2022-02-23,A208,82,G,2022-03-01,1
,113.0,2022-02-23,A488,80,G,2022-03-01,1
,113.0,2022-02-23,A205,80,G,2022-03-01,1
,113.0,2022-02-23,A489,80,G,2022-03-01,1
,113.0,2022-02-23,A289,80,G,2022-03-01,2
,113.0,2022-03-01,A209,82,G,2022-03-07,2
,113.0,2022-03-01,A369,82,G,2022-03-07,1
,113.0,2022-03-01,A490,80,G,2022-03-07,4
,113.0,2022-03-01,A254,82,G,2022-03-07,1
,113.0,2022-03-01,A279,82,G,2022-03-07,7
,113.0,2022-03-01,A491,80,G,2022-03-07,4
,113.0,2022-03-01,A302,80,G,2022-03-07,1
,113.0,2022-03-08,A318,80,G,2022-03-14,2
,113.0,2022-03-08,A319,80,G,2022-03-14,2
,113.0,2022-03-08,A310,82,G,2022-03-14,1
,113.0,2022-03-08,A200,82,G,2022-03-14,2
,113.0,2022-03-08,A209,82,G,2022-03-14,3
,113.0,2022-03-08,A369,82,G,2022-03-14,1
,113.0,2022-03-08,A206,82,G,2022-03-14,1
,113.0,2022-03-08,A208,82,G,2022-03-14,1
,113.0,2022-03-08,A205,80,G,2022-03-14,3
,113.0,2022-03-08,A302,80,G,2022-03-14,1
,113.0,2022-03-08,A289,80,G,2022-03-14,2
,113.0,2022-03-08,A279,82,G,2022-03-14,16
,113.0,2022-03-08,A278,82,G,2022-03-14,8
,113.0,2022-03-08,A490,80,G,2022-03-14,4
,113.0,2022-03-08,A489,80,G,2022-03-14,1
,113.0,2022-03-08,A491,80,G,2022-03-14,4
,113.0,2022-03-08,A488,80,G,2022-03-14,1
,113.0,2022-03-15,A205,80,G,2022-03-21,5
,113.0,2022-03-15,A302,80,G,2022-03-21,1
,113.0,2022-03-15,A318,80,G,2022-03-21,2
,113.0,2022-03-15,A319,80,G,2022-03-21,3
,113.0,2022-03-15,A289,80,G,2022-03-21,2
,113.0,2022-03-15,A278,82,G,2022-03-21,14
,113.0,2022-03-15,A279,82,G,2022-03-21,18
,113.0,2022-03-15,A206,82,G,2022-03-21,1
,113.0,2022-03-15,A290,82,G,2022-03-21,1
,113.0,2022-03-15,A369,82,G,2022-03-21,1
,107.0,2022-03-15,A209,82,G,2022-03-21,3
,107.0,2022-03-15,A200,82,G,2022-03-21,2
,107.0,2022-03-15,A310,82,G,2022-03-21,1
,107.0,2022-03-15,A488,80,G,2022-03-21,2
,107.0,2022-03-15,A491,80,G,2022-03-21,4
,107.0,2022-03-15,A490,80,G,2022-03-21,4
,112.0,2022-03-15,A489,80,G,2022-03-21,2
,112.0,2022-03-22,A289,80,G,2022-03-28,2
,112.0,2022-03-22,A302,80,G,2022-03-28,1
,112.0,2022-03-22,A205,80,G,2022-03-28,2
,112.0,2022-03-22,A279,82,G,2022-03-28,15
,112.0,2022-03-22,A278,82,G,2022-03-28,10
,112.0,2022-03-22,A254,82,G,2022-03-28,1
,112.0,2022-03-22,A369,82,G,2022-03-28,1
,112.0,2022-03-22,A209,82,G,2022-03-28,2
,112.0,2022-03-22,A200,82,G,2022-03-28,1
,112.0,2022-03-22,A489,80,G,2022-03-28,1
,112.0,2022-03-22,A488,80,G,2022-03-28,1
,112.0,2022-03-22,A318,80,G,2022-03-28,2
,112.0,2022-03-22,A319,80,G,2022-03-28,2
,112.0,2022-03-08,A245,82,G,2022-03-14,2
,112.0,2022-03-08,A244,82,G,2022-03-14,2
,112.0,2022-03-15,A244,82,G,2022-03-21,1
,112.0,2022-03-15,A245,82,G,2022-03-21,2
,112.0,2022-03-22,A244,82,G,2022-03-28,1
,112.0,2022-03-22,A245,82,G,2022-03-28,1
,112.0,2022-03-08,A205,80,G,2022-03-14,2
,112.0,2022-03-08,A319,80,G,2022-03-14,2
,112.0,2022-03-08,A279,82,G,2022-03-14,10
,112.0,2022-03-08,A278,82,G,2022-03-14,3
,112.0,2022-03-08,A369,82,G,2022-03-14,1
,112.0,2022-03-08,A302,80,G,2022-03-14,1
,112.0,2022-03-08,A209,82,G,2022-03-14,1
,112.0,2022-03-08,A489,80,G,2022-03-14,1
,112.0,2022-03-15,A488,80,G,2022-03-21,1
,107.0,2022-03-15,A489,80,G,2022-03-21,1
,107.0,2022-03-15,A319,80,G,2022-03-21,1
,107.0,2022-03-15,A209,82,G,2022-03-21,2
,107.0,2022-03-15,A205,80,G,2022-03-21,2
,107.0,2022-03-15,A279,82,G,2022-03-21,10
,107.0,2022-03-15,A200,82,G,2022-03-21,1
,165.0,2022-03-15,A278,82,G,2022-03-21,4
,165.0,2022-03-15,A369,82,G,2022-03-21,1
,165.0,2022-03-15,A289,80,G,2022-03-21,2
,165.0,2022-03-15,A302,80,G,2022-03-21,1
,165.0,2022-03-22,A205,80,G,2022-03-28,2
,165.0,2022-03-22,A279,82,G,2022-03-28,8
,165.0,2022-03-22,A278,82,G,2022-03-28,3
,165.0,2022-03-22,A369,82,G,2022-03-28,1
,195.0,2022-03-22,A289,80,G,2022-03-28,2
,138.0,2022-03-22,A302,80,G,2022-03-28,1
,138.0,2022-03-22,A209,82,G,2022-03-28,2
,138.0,2022-03-22,A319,80,G,2022-03-28,2
,138.0,2022-03-22,A489,80,G,2022-03-28,1
,133.0,2022-03-22,A488,80,G,2022-03-28,1
,133.0,2022-03-08,A220,82,G,2022-03-14,1
,133.0,2022-03-15,A270,82,G,2022-03-21,1
,133.0,2022-03-15,A220,82,G,2022-03-21,2
,133.0,2022-03-15,A226,82,G,2022-03-21,1
,133.0,2022-03-22,A220,82,G,2022-03-28,2
,133.0,2022-03-22,A226,82,G,2022-03-28,1
,133.0,2022-03-01,A492,80,G,2022-03-07,1
,133.0,2022-03-08,A244,82,G,2022-03-14,1
,133.0,2022-03-08,A493,80,G,2022-03-14,7
,133.0,2022-03-08,A494,80,G,2022-03-14,19
,133.0,2022-03-15,A494,80,G,2022-03-21,31
,133.0,2022-03-15,A493,80,G,2022-03-21,7
,133.0,2022-03-22,A494,80,G,2022-03-28,26
,133.0,2022-03-22,A493,80,G,2022-03-28,7
,112.0,2022-03-24,A495,80,K,2022-04-08,1
,112.0,2022-03-03,A205,80,B,2022-03-14,7
,112.0,2022-03-10,A205,80,B,2022-03-21,11
,112.0,2022-03-17,A205,80,B,2022-03-28,11
,112.0,2022-03-24,A205,80,B,2022-04-04,9
,112.0,2022-03-07,A265,80,K,2022-03-11,32
,112.0,2022-03-07,A265,80,K,2022-03-11,32
,112.0,2022-03-07,A265,80,K,2022-03-11,32
,112.0,2022-03-07,A265,80,K,2022-03-11,32
,112.0,2022-03-07,A265,80,K,2022-03-11,32
,112.0,2022-03-07,A265,80,K,2022-03-11,32
,112.0,2022-03-07,A265,80,K,2022-03-11,6
,112.0,2022-03-07,A265,80,K,2022-03-11,32
,112.0,2022-03-07,A265,80,K,2022-03-11,32
,113.0,2022-03-07,A265,80,K,2022-03-11,31
,113.0,2022-03-07,A265,80,K,2022-03-11,30
,113.0,2022-03-07,A265,80,K,2022-03-11,30
,113.0,2022-03-07,A265,80,K,2022-03-11,36
,113.0,2022-03-07,A265,80,K,2022-03-11,30
,113.0,2022-03-15,A265,80,K,2022-03-21,32
,113.0,2022-03-10,A225,82,B,2022-03-18,1
,113.0,2022-03-10,A038,82,B,2022-03-18,1
,113.0,2022-03-10,A163,82,B,2022-03-18,1
,113.0,2022-03-10,A164,82,B,2022-03-18,1
,113.0,2022-03-10,A240,82,B,2022-03-18,1
,113.0,2022-03-17,A038,82,B,2022-03-25,2
,113.0,2022-03-17,A225,82,B,2022-03-25,2
,113.0,2022-03-17,A164,82,B,2022-03-25,3
,113.0,2022-03-17,A163,82,B,2022-03-25,2
,113.0,2022-03-24,A225,82,B,2022-04-01,2
,113.0,2022-03-24,A163,82,B,2022-04-01,1
,113.0,2022-03-24,A164,82,B,2022-04-01,1
,113.0,2022-03-24,A240,82,B,2022-04-01,1
,113.0,2022-03-24,A038,82,B,2022-04-01,1
,113.0,2022-03-09,A164,82,B,2022-03-17,3
,113.0,2022-03-09,A161,82,B,2022-03-17,2
,113.0,2022-03-10,A496,82,B,2022-03-17,3
,113.0,2022-03-10,A229,82,B,2022-03-17,3
,113.0,2022-03-10,A497,80,B,2022-03-17,2
,113.0,2022-03-10,A230,82,B,2022-03-17,7
,113.0,2022-03-10,A224,82,B,2022-03-17,1
,113.0,2022-03-10,A219,82,B,2022-03-17,5
,113.0,2022-03-10,A498,82,B,2022-03-17,1
,113.0,2022-03-10,A221,82,B,2022-03-17,8
,113.0,2022-03-10,A167,82,B,2022-03-17,1
,113.0,2022-03-10,A160,82,B,2022-03-17,20
,113.0,2022-03-10,A307,82,B,2022-03-17,4
,113.0,2022-03-10,A163,82,B,2022-03-17,2
,113.0,2022-03-16,A161,82,B,2022-03-24,2
,113.0,2022-03-16,A164,82,B,2022-03-24,2
,113.0,2022-03-17,A167,82,B,2022-03-24,1
,113.0,2022-03-17,A163,82,B,2022-03-24,2
,113.0,2022-03-17,A307,82,B,2022-03-24,3
,113.0,2022-03-17,A160,82,B,2022-03-24,20
,,2022-03-17,A498,82,B,2022-03-24,1
,,2022-03-17,A221,82,B,2022-03-24,6
,,2022-03-17,A219,82,B,2022-03-24,6
,,2022-03-17,A496,82,B,2022-03-24,2
,,2022-03-17,A229,82,B,2022-03-24,3
,,2022-03-17,A230,82,B,2022-03-24,8
,,2022-03-17,A497,80,B,2022-03-24,2
,,2022-03-23,A164,82,B,2022-03-31,2
,,2022-03-23,A161,82,B,2022-03-31,3
,,2022-03-24,A163,82,B,2022-03-31,2
,,2022-03-24,A307,82,B,2022-03-31,3
,,2022-03-24,A167,82,B,2022-03-31,1
,,2022-03-24,A160,82,B,2022-03-31,20
,,2022-03-24,A498,82,B,2022-03-31,1
,,2022-03-24,A230,82,B,2022-03-31,7
,,2022-03-24,A229,82,B,2022-03-31,3
,,2022-03-24,A496,82,B,2022-03-31,3
,,2022-03-24,A221,82,B,2022-03-31,6
,,2022-03-24,A224,82,B,2022-03-31,1
,,2022-03-24,A219,82,B,2022-03-31,7
